"seqname","accession","tax_id","tax_name","isType","ok","i","outlier","selected","label","strain"
"S000001207","AJ243791","103621","Actinomyces urogenitalis",TRUE,TRUE,1,FALSE,TRUE,"Actinomyces urogenitalis (103621)","type"
"S000127864","AJ243893","103621","Actinomyces urogenitalis",FALSE,TRUE,2,FALSE,TRUE,"Actinomyces urogenitalis (103621)","non-type"
"S000130223","AJ243894","103621","Actinomyces urogenitalis",FALSE,TRUE,3,FALSE,TRUE,"Actinomyces urogenitalis (103621)","non-type"
"4VAG-103","","109790","Lactobacillus jensenii",FALSE,TRUE,5,FALSE,TRUE,"Lactobacillus jensenii (109790)","non-type"
"S000389885","AF243143","109790","Lactobacillus jensenii",FALSE,TRUE,7,FALSE,TRUE,"Lactobacillus jensenii (109790)","non-type"
"S000389895","AF243153","109790","Lactobacillus jensenii",FALSE,TRUE,8,FALSE,TRUE,"Lactobacillus jensenii (109790)","non-type"
"S000389897","AF243155","109790","Lactobacillus jensenii",FALSE,TRUE,9,FALSE,TRUE,"Lactobacillus jensenii (109790)","non-type"
"S000389901","AF243159","109790","Lactobacillus jensenii",FALSE,TRUE,10,FALSE,TRUE,"Lactobacillus jensenii (109790)","non-type"
"S000389903","AF243161","109790","Lactobacillus jensenii",FALSE,TRUE,11,FALSE,TRUE,"Lactobacillus jensenii (109790)","non-type"
"S000389904","AF243162","109790","Lactobacillus jensenii",FALSE,TRUE,12,FALSE,TRUE,"Lactobacillus jensenii (109790)","non-type"
"S000389918","AF243176","109790","Lactobacillus jensenii",TRUE,TRUE,13,FALSE,TRUE,"Lactobacillus jensenii (109790)","type"
"S001096707","EU559597","109790","Lactobacillus jensenii",FALSE,TRUE,14,FALSE,TRUE,"Lactobacillus jensenii (109790)","non-type"
"S001096711","EU559601","109790","Lactobacillus jensenii",FALSE,TRUE,15,FALSE,TRUE,"Lactobacillus jensenii (109790)","non-type"
"S000380997","S67831","1249","Weissella paramesenteroides",TRUE,TRUE,17,TRUE,TRUE,"Weissella paramesenteroides (1249)","type"
"S000382661","AB023238","1249","Weissella paramesenteroides",TRUE,TRUE,18,TRUE,TRUE,"Weissella paramesenteroides (1249)","type"
"S001155252","EU855224","1249","Weissella paramesenteroides",FALSE,TRUE,20,FALSE,TRUE,"Weissella paramesenteroides (1249)","non-type"
"S001795447","GU223366","1249","Weissella paramesenteroides",FALSE,TRUE,29,FALSE,TRUE,"Weissella paramesenteroides (1249)","non-type"
"S001795448","GU223367","1249","Weissella paramesenteroides",FALSE,TRUE,30,FALSE,TRUE,"Weissella paramesenteroides (1249)","non-type"
"S000014356","AJ305320","1254","Pediococcus acidilactici",TRUE,TRUE,32,TRUE,TRUE,"Pediococcus acidilactici (1254)","type"
"S000382416","AB018214","1254","Pediococcus acidilactici",FALSE,TRUE,35,FALSE,TRUE,"Pediococcus acidilactici (1254)","non-type"
"S001292769","FJ360445","1254","Pediococcus acidilactici",FALSE,TRUE,40,FALSE,TRUE,"Pediococcus acidilactici (1254)","non-type"
"S001352427","FJ844982","1254","Pediococcus acidilactici",FALSE,TRUE,42,FALSE,TRUE,"Pediococcus acidilactici (1254)","non-type"
"S002156252","GU369788","1254","Pediococcus acidilactici",FALSE,TRUE,48,FALSE,TRUE,"Pediococcus acidilactici (1254)","non-type"
"S000432294","AF542228","1258","Peptoniphilus asaccharolyticus",TRUE,TRUE,52,FALSE,TRUE,"Peptoniphilus asaccharolyticus (1258)","type"
"S000319464","AB109770","1260","Finegoldia magna",FALSE,TRUE,54,FALSE,TRUE,"Finegoldia magna (1260)","non-type"
"S000319466","AB109771","1260","Finegoldia magna",FALSE,TRUE,55,FALSE,TRUE,"Finegoldia magna (1260)","non-type"
"S000334747","AB109772","1260","Finegoldia magna",FALSE,TRUE,56,FALSE,TRUE,"Finegoldia magna (1260)","non-type"
"S000399515","AY169413","1260","Finegoldia magna",FALSE,TRUE,57,FALSE,TRUE,"Finegoldia magna (1260)","non-type"
"S000432293","AF542227","1260","Finegoldia magna",TRUE,TRUE,58,FALSE,TRUE,"Finegoldia magna (1260)","type"
"S000140702","AY326462","1261","Peptostreptococcus anaerobius",TRUE,TRUE,59,FALSE,TRUE,"Peptostreptococcus anaerobius (1261)","type"
"S000414263","L04168","1261","Peptostreptococcus anaerobius",FALSE,TRUE,60,FALSE,TRUE,"Peptostreptococcus anaerobius (1261)","non-type"
"S000010068","X70648","1280","Staphylococcus aureus",FALSE,TRUE,63,FALSE,TRUE,"Staphylococcus aureus (1280)","non-type"
"S000529044","L36472","1280","Staphylococcus aureus",TRUE,TRUE,67,FALSE,TRUE,"Staphylococcus aureus (1280)","type"
"S000750660","DQ997832","1280","Staphylococcus aureus",FALSE,TRUE,73,FALSE,TRUE,"Staphylococcus aureus (1280)","non-type"
"S001095993","EU515208","1280","Staphylococcus aureus",FALSE,TRUE,80,FALSE,TRUE,"Staphylococcus aureus (1280)","non-type"
"S001241993","FJ434467","1280","Staphylococcus aureus",FALSE,TRUE,86,FALSE,TRUE,"Staphylococcus aureus (1280)","non-type"
"2VAG-69","","1282","Staphylococcus epidermidis",FALSE,TRUE,97,FALSE,TRUE,"Staphylococcus epidermidis (1282)","non-type"
"S000942605","EU128487","1282","Staphylococcus epidermidis",FALSE,TRUE,136,FALSE,TRUE,"Staphylococcus epidermidis (1282)","non-type"
"S000995921","EU379268","1282","Staphylococcus epidermidis",FALSE,TRUE,139,FALSE,TRUE,"Staphylococcus epidermidis (1282)","non-type"
"S001098782","EU652069","1282","Staphylococcus epidermidis",FALSE,TRUE,147,FALSE,TRUE,"Staphylococcus epidermidis (1282)","non-type"
"S001154131","EU834242","1282","Staphylococcus epidermidis",FALSE,TRUE,151,FALSE,TRUE,"Staphylococcus epidermidis (1282)","non-type"
"S000010870","X66100","1283","Staphylococcus haemolyticus",TRUE,TRUE,195,FALSE,TRUE,"Staphylococcus haemolyticus (1283)","type"
"S000995957","EU379304","1283","Staphylococcus haemolyticus",FALSE,TRUE,202,FALSE,TRUE,"Staphylococcus haemolyticus (1283)","non-type"
"S001096634","EU554432","1283","Staphylococcus haemolyticus",FALSE,TRUE,203,FALSE,TRUE,"Staphylococcus haemolyticus (1283)","non-type"
"S001418808","FN393803","1283","Staphylococcus haemolyticus",FALSE,TRUE,212,FALSE,TRUE,"Staphylococcus haemolyticus (1283)","non-type"
"S001575023","FJ999931","1283","Staphylococcus haemolyticus",FALSE,TRUE,214,FALSE,TRUE,"Staphylococcus haemolyticus (1283)","non-type"
"S000016099","X66101","1290","Staphylococcus hominis",TRUE,TRUE,217,FALSE,TRUE,"Staphylococcus hominis (1290)","type"
"S000438936","AY167805","1290","Staphylococcus hominis",FALSE,TRUE,220,FALSE,TRUE,"Staphylococcus hominis (1290)","non-type"
"S000842583","DQ870747","1290","Staphylococcus hominis",FALSE,TRUE,223,FALSE,TRUE,"Staphylococcus hominis (1290)","non-type"
"S000926543","EU071618","1290","Staphylococcus hominis",FALSE,TRUE,225,FALSE,TRUE,"Staphylococcus hominis (1290)","non-type"
"S000995949","EU379296","1290","Staphylococcus hominis",FALSE,TRUE,231,FALSE,TRUE,"Staphylococcus hominis (1290)","non-type"
"S000414717","L37603","1292","Staphylococcus warneri",TRUE,TRUE,243,FALSE,TRUE,"Staphylococcus warneri (1292)","type"
"S001793392","EU863185","1292","Staphylococcus warneri",FALSE,TRUE,245,FALSE,TRUE,"Staphylococcus warneri (1292)","non-type"
"S001793429","EU867329","1292","Staphylococcus warneri",FALSE,TRUE,246,FALSE,TRUE,"Staphylococcus warneri (1292)","non-type"
"S001794135","GQ181035","1292","Staphylococcus warneri",FALSE,TRUE,248,FALSE,TRUE,"Staphylococcus warneri (1292)","non-type"
"S002156579","GU397393","1292","Staphylococcus warneri",FALSE,TRUE,252,FALSE,TRUE,"Staphylococcus warneri (1292)","non-type"
"S000386904","AF003932","1303","Streptococcus oralis",FALSE,TRUE,253,FALSE,TRUE,"Streptococcus oralis (1303)","non-type"
"S000405655","AY281080","1303","Streptococcus oralis",FALSE,TRUE,255,FALSE,TRUE,"Streptococcus oralis (1303)","non-type"
"S000420023","AY485602","1303","Streptococcus oralis",TRUE,TRUE,256,FALSE,TRUE,"Streptococcus oralis (1303)","type"
"S000901720","AB355617","1303","Streptococcus oralis",FALSE,TRUE,261,FALSE,TRUE,"Streptococcus oralis (1303)","non-type"
"S001744699","GU045381","1303","Streptococcus oralis",FALSE,TRUE,268,FALSE,TRUE,"Streptococcus oralis (1303)","non-type"
"S000400850","AY188352","1304","Streptococcus salivarius",TRUE,TRUE,277,FALSE,TRUE,"Streptococcus salivarius (1304)","type"
"S000617861","AM157419","1304","Streptococcus salivarius",FALSE,TRUE,278,FALSE,TRUE,"Streptococcus salivarius (1304)","non-type"
"S000617893","AM157451","1304","Streptococcus salivarius",FALSE,TRUE,279,FALSE,TRUE,"Streptococcus salivarius (1304)","non-type"
"S000843228","EF463056","1304","Streptococcus salivarius",FALSE,TRUE,280,FALSE,TRUE,"Streptococcus salivarius (1304)","non-type"
"S000843231","EF463059","1304","Streptococcus salivarius",FALSE,TRUE,281,FALSE,TRUE,"Streptococcus salivarius (1304)","non-type"
"S000381692","AB002524","1305","Streptococcus sanguinis",FALSE,TRUE,291,FALSE,TRUE,"Streptococcus sanguinis (1305)","non-type"
"S000386900","AF003928","1305","Streptococcus sanguinis",TRUE,TRUE,292,FALSE,TRUE,"Streptococcus sanguinis (1305)","type"
"S000432314","AF543281","1305","Streptococcus sanguinis",FALSE,TRUE,295,FALSE,TRUE,"Streptococcus sanguinis (1305)","non-type"
"S002034935","GU561373","1305","Streptococcus sanguinis",FALSE,TRUE,305,FALSE,TRUE,"Streptococcus sanguinis (1305)","non-type"
"S002166285","GU907527","1305","Streptococcus sanguinis",FALSE,TRUE,306,FALSE,TRUE,"Streptococcus sanguinis (1305)","non-type"
"S000379919","AY691529","1309","Streptococcus mutans",FALSE,TRUE,314,FALSE,TRUE,"Streptococcus mutans (1309)","non-type"
"S000400846","AY188348","1309","Streptococcus mutans",TRUE,TRUE,318,FALSE,TRUE,"Streptococcus mutans (1309)","type"
"S000712811","DQ677755","1309","Streptococcus mutans",FALSE,TRUE,361,FALSE,TRUE,"Streptococcus mutans (1309)","non-type"
"S000712843","DQ677787","1309","Streptococcus mutans",FALSE,TRUE,385,FALSE,TRUE,"Streptococcus mutans (1309)","non-type"
"S002034937","GU561375","1309","Streptococcus mutans",FALSE,TRUE,388,FALSE,TRUE,"Streptococcus mutans (1309)","non-type"
"S000496330","AB175037","1311","Streptococcus agalactiae",FALSE,TRUE,395,FALSE,TRUE,"Streptococcus agalactiae (1311)","non-type"
"S000926647","EU075069","1311","Streptococcus agalactiae",FALSE,TRUE,401,FALSE,TRUE,"Streptococcus agalactiae (1311)","non-type"
"S001098382","EU622516","1311","Streptococcus agalactiae",FALSE,TRUE,402,FALSE,TRUE,"Streptococcus agalactiae (1311)","non-type"
"S001875343","GU363869","1311","Streptococcus agalactiae",FALSE,TRUE,405,FALSE,TRUE,"Streptococcus agalactiae (1311)","non-type"
"S002038640","AB297817","1311","Streptococcus agalactiae",FALSE,TRUE,406,FALSE,TRUE,"Streptococcus agalactiae (1311)","non-type"
"S000006177","X78719","131110","Actinomyces radingae",TRUE,TRUE,407,FALSE,TRUE,"Actinomyces radingae (131110)","type"
"S000007275","X97049","131112","Arcanobacterium phocae",FALSE,TRUE,408,FALSE,TRUE,"Arcanobacterium phocae (131112)","non-type"
"S001744172","FN562994","131112","Arcanobacterium phocae",FALSE,TRUE,409,FALSE,TRUE,"Arcanobacterium phocae (131112)","non-type"
"S001744173","FN562995","131112","Arcanobacterium phocae",FALSE,TRUE,410,FALSE,TRUE,"Arcanobacterium phocae (131112)","non-type"
"S001744175","FN562997","131112","Arcanobacterium phocae",FALSE,TRUE,412,FALSE,TRUE,"Arcanobacterium phocae (131112)","non-type"
"S001744177","FN562999","131112","Arcanobacterium phocae",FALSE,TRUE,414,FALSE,TRUE,"Arcanobacterium phocae (131112)","non-type"
"S000386905","AF003933","1318","Streptococcus parasanguinis",TRUE,TRUE,416,FALSE,TRUE,"Streptococcus parasanguinis (1318)","type"
"S000427359","AB006127","1318","Streptococcus parasanguinis",FALSE,TRUE,420,FALSE,TRUE,"Streptococcus parasanguinis (1318)","non-type"
"S000617883","AM157441","1318","Streptococcus parasanguinis",FALSE,TRUE,423,FALSE,TRUE,"Streptococcus parasanguinis (1318)","non-type"
"S002034953","GU561391","1318","Streptococcus parasanguinis",FALSE,TRUE,426,FALSE,TRUE,"Streptococcus parasanguinis (1318)","non-type"
"S002166282","GU907524","1318","Streptococcus parasanguinis",FALSE,TRUE,429,FALSE,TRUE,"Streptococcus parasanguinis (1318)","non-type"
"S000381771","AB006119","1328","Streptococcus anginosus",FALSE,TRUE,435,FALSE,TRUE,"Streptococcus anginosus (1328)","non-type"
"S000388120","AF145245","1328","Streptococcus anginosus",FALSE,TRUE,441,FALSE,TRUE,"Streptococcus anginosus (1328)","non-type"
"S000428928","AF104678","1328","Streptococcus anginosus",TRUE,TRUE,444,FALSE,TRUE,"Streptococcus anginosus (1328)","type"
"S000527987","AY986761","1328","Streptococcus anginosus",FALSE,TRUE,445,FALSE,TRUE,"Streptococcus anginosus (1328)","non-type"
"S000750177","DQ232519","1328","Streptococcus anginosus",FALSE,TRUE,452,FALSE,TRUE,"Streptococcus anginosus (1328)","non-type"
"S000009737","AJ301607","1335","Streptococcus equinus",TRUE,TRUE,460,FALSE,TRUE,"Streptococcus equinus (1335)","type"
"S000055244","AJ305257","1335","Streptococcus equinus",FALSE,TRUE,461,FALSE,TRUE,"Streptococcus equinus (1335)","non-type"
"S000381682","AB002514","1335","Streptococcus equinus",FALSE,TRUE,462,FALSE,TRUE,"Streptococcus equinus (1335)","non-type"
"S000750180","DQ232522","1335","Streptococcus equinus",FALSE,TRUE,465,FALSE,TRUE,"Streptococcus equinus (1335)","non-type"
"S001019987","EU419602","1335","Streptococcus equinus",FALSE,TRUE,467,FALSE,TRUE,"Streptococcus equinus (1335)","non-type"
"S000428921","AF104671","1338","Streptococcus intermedius",TRUE,TRUE,468,FALSE,TRUE,"Streptococcus intermedius (1338)","type"
"S000428922","AF104672","1338","Streptococcus intermedius",FALSE,TRUE,469,FALSE,TRUE,"Streptococcus intermedius (1338)","non-type"
"S000428924","AF104674","1338","Streptococcus intermedius",FALSE,TRUE,471,FALSE,TRUE,"Streptococcus intermedius (1338)","non-type"
"S000428925","AF104675","1338","Streptococcus intermedius",FALSE,TRUE,472,FALSE,TRUE,"Streptococcus intermedius (1338)","non-type"
"S001910596","GU470908","1338","Streptococcus intermedius",FALSE,TRUE,473,FALSE,TRUE,"Streptococcus intermedius (1338)","non-type"
"127F-65","","134821","Ureaplasma parvum",FALSE,TRUE,475,FALSE,TRUE,"Ureaplasma parvum (134821)","non-type"
"2VAG-53","","134821","Ureaplasma parvum",FALSE,TRUE,476,FALSE,TRUE,"Ureaplasma parvum (134821)","non-type"
"S000427506","AB012212","1351","Enterococcus faecalis",TRUE,TRUE,487,FALSE,TRUE,"Enterococcus faecalis (1351)","type"
"S000485949","AY550919","1351","Enterococcus faecalis",FALSE,TRUE,489,FALSE,TRUE,"Enterococcus faecalis (1351)","non-type"
"S001418737","FN377815","1351","Enterococcus faecalis",FALSE,TRUE,545,FALSE,TRUE,"Enterococcus faecalis (1351)","non-type"
"S001873963","GU299085","1351","Enterococcus faecalis",FALSE,TRUE,554,FALSE,TRUE,"Enterococcus faecalis (1351)","non-type"
"S001875493","GU373724","1351","Enterococcus faecalis",FALSE,TRUE,555,FALSE,TRUE,"Enterococcus faecalis (1351)","non-type"
"S000002717","AJ301830","1352","Enterococcus faecium",TRUE,TRUE,559,FALSE,TRUE,"Enterococcus faecium (1352)","type"
"S000531199","AJ874342","1352","Enterococcus faecium",FALSE,TRUE,577,FALSE,TRUE,"Enterococcus faecium (1352)","non-type"
"S000591317","AB236695","1352","Enterococcus faecium",FALSE,TRUE,579,FALSE,TRUE,"Enterococcus faecium (1352)","non-type"
"S000651464","DQ411813","1352","Enterococcus faecium",FALSE,TRUE,582,FALSE,TRUE,"Enterococcus faecium (1352)","non-type"
"S001352453","FJ845008","1352","Enterococcus faecium",FALSE,TRUE,644,FALSE,TRUE,"Enterococcus faecium (1352)","non-type"
"S000574979","AY707773","1377","Aerococcus viridans",FALSE,TRUE,671,FALSE,TRUE,"Aerococcus viridans (1377)","non-type"
"S000574981","AY707775","1377","Aerococcus viridans",FALSE,TRUE,672,FALSE,TRUE,"Aerococcus viridans (1377)","non-type"
"S000926617","EU075039","1377","Aerococcus viridans",FALSE,TRUE,673,FALSE,TRUE,"Aerococcus viridans (1377)","non-type"
"1BV-48","","1378","Gemella",FALSE,TRUE,676,FALSE,TRUE,"Gemella (1378)","non-type"
"1BVBACT-1","","1378","Gemella",FALSE,TRUE,677,FALSE,TRUE,"Gemella (1378)","non-type"
"3001-189R-5","","1378","Gemella",FALSE,TRUE,678,FALSE,TRUE,"Gemella (1378)","non-type"
"123B-2-F","","1378","Gemella",FALSE,TRUE,679,FALSE,TRUE,"Gemella (1378)","non-type"
"S000004268","X67148","1381","Atopobium minutum",TRUE,TRUE,680,FALSE,TRUE,"Atopobium minutum (1381)","type"
"S002156825","FN178468","1381","Atopobium minutum",FALSE,TRUE,681,FALSE,TRUE,"Atopobium minutum (1381)","non-type"
"S000380958","S44205","1383","Atopobium rimae",FALSE,TRUE,682,FALSE,TRUE,"Atopobium rimae (1383)","non-type"
"S001154076","EU828366","1383","Atopobium rimae",FALSE,TRUE,683,FALSE,TRUE,"Atopobium rimae (1383)","non-type"
"S001872328","AB540986","1383","Atopobium rimae",FALSE,TRUE,684,FALSE,TRUE,"Atopobium rimae (1383)","non-type"
"S001903884","GU425777","1383","Atopobium rimae",FALSE,TRUE,685,FALSE,TRUE,"Atopobium rimae (1383)","non-type"
"S001903885","GU425778","1383","Atopobium rimae",FALSE,TRUE,686,FALSE,TRUE,"Atopobium rimae (1383)","non-type"
"112B-13","","147802","Lactobacillus iners",FALSE,TRUE,687,FALSE,TRUE,"Lactobacillus iners (147802)","non-type"
"123F2-47","","147802","Lactobacillus iners",FALSE,TRUE,690,FALSE,TRUE,"Lactobacillus iners (147802)","non-type"
"258B-86","","147802","Lactobacillus iners",FALSE,TRUE,696,FALSE,TRUE,"Lactobacillus iners (147802)","non-type"
"27VAG-2","","147802","Lactobacillus iners",FALSE,TRUE,699,FALSE,TRUE,"Lactobacillus iners (147802)","non-type"
"4BVB-52","","147802","Lactobacillus iners",FALSE,TRUE,700,FALSE,TRUE,"Lactobacillus iners (147802)","non-type"
"4VAG-1","","147802","Lactobacillus iners",FALSE,TRUE,703,FALSE,TRUE,"Lactobacillus iners (147802)","non-type"
"5BV-63","","147802","Lactobacillus iners",FALSE,TRUE,705,FALSE,TRUE,"Lactobacillus iners (147802)","non-type"
"5VAG-3","","147802","Lactobacillus iners",FALSE,TRUE,710,FALSE,TRUE,"Lactobacillus iners (147802)","non-type"
"6BV-7","","147802","Lactobacillus iners",FALSE,TRUE,711,FALSE,TRUE,"Lactobacillus iners (147802)","non-type"
"S001910616","Y16329","147802","Lactobacillus iners",TRUE,TRUE,717,FALSE,TRUE,"Lactobacillus iners (147802)","type"
"5VAG-39","","1485_1","Clostridium sp. type 1",FALSE,TRUE,718,FALSE,TRUE,"Clostridium sp. type 1 (1485_1)","non-type"
"S000011030","AJ300767","149017","Arcanobacterium hippocoleae",TRUE,TRUE,719,FALSE,TRUE,"Arcanobacterium hippocoleae (149017)","type"
"S000003746","D16552","1582","Lactobacillus casei",TRUE,TRUE,720,FALSE,TRUE,"Lactobacillus casei (1582)","type"
"S000008152","AJ272201","1582","Lactobacillus casei",FALSE,TRUE,722,FALSE,TRUE,"Lactobacillus casei (1582)","non-type"
"S000125671","AJ558112","1582","Lactobacillus casei",FALSE,TRUE,728,FALSE,TRUE,"Lactobacillus casei (1582)","non-type"
"S000380222","AY699577","1582","Lactobacillus casei",FALSE,TRUE,730,FALSE,TRUE,"Lactobacillus casei (1582)","non-type"
"S000444200","AY773945","1582","Lactobacillus casei",FALSE,TRUE,735,FALSE,TRUE,"Lactobacillus casei (1582)","non-type"
"S001153626","EU789398","1582","Lactobacillus casei",FALSE,TRUE,742,FALSE,TRUE,"Lactobacillus casei (1582)","non-type"
"S001330005","FJ749569","1582","Lactobacillus casei",FALSE,TRUE,748,FALSE,TRUE,"Lactobacillus casei (1582)","non-type"
"S001330007","FJ749571","1582","Lactobacillus casei",FALSE,TRUE,749,FALSE,TRUE,"Lactobacillus casei (1582)","non-type"
"S001873961","GU299083","1582","Lactobacillus casei",FALSE,TRUE,768,FALSE,TRUE,"Lactobacillus casei (1582)","non-type"
"S002153140","HM058590","1582","Lactobacillus casei",FALSE,TRUE,775,FALSE,TRUE,"Lactobacillus casei (1582)","non-type"
"S000608874","AM113779","1587","Lactobacillus helveticus",TRUE,TRUE,792,FALSE,TRUE,"Lactobacillus helveticus (1587)","type"
"S000942615","EU130905","1587","Lactobacillus helveticus",FALSE,TRUE,799,FALSE,TRUE,"Lactobacillus helveticus (1587)","non-type"
"S001099337","EU688979","1587","Lactobacillus helveticus",FALSE,TRUE,809,FALSE,TRUE,"Lactobacillus helveticus (1587)","non-type"
"S001329877","FJ749441","1587","Lactobacillus helveticus",FALSE,TRUE,829,FALSE,TRUE,"Lactobacillus helveticus (1587)","non-type"
"S001329887","FJ749451","1587","Lactobacillus helveticus",FALSE,TRUE,833,FALSE,TRUE,"Lactobacillus helveticus (1587)","non-type"
"S001352681","FJ861100","1587","Lactobacillus helveticus",FALSE,TRUE,875,FALSE,TRUE,"Lactobacillus helveticus (1587)","non-type"
"S001352689","FJ861108","1587","Lactobacillus helveticus",FALSE,TRUE,880,FALSE,TRUE,"Lactobacillus helveticus (1587)","non-type"
"S001418075","FJ915670","1587","Lactobacillus helveticus",FALSE,TRUE,887,FALSE,TRUE,"Lactobacillus helveticus (1587)","non-type"
"S002152804","HM058254","1587","Lactobacillus helveticus",FALSE,TRUE,922,FALSE,TRUE,"Lactobacillus helveticus (1587)","non-type"
"S002152859","HM058309","1587","Lactobacillus helveticus",FALSE,TRUE,927,FALSE,TRUE,"Lactobacillus helveticus (1587)","non-type"
"5VAG-42","","1596","Lactobacillus gasseri",FALSE,TRUE,978,FALSE,TRUE,"Lactobacillus gasseri (1596)","non-type"
"S000008742","AF519171","1596","Lactobacillus gasseri",TRUE,TRUE,979,FALSE,TRUE,"Lactobacillus gasseri (1596)","type"
"S000389884","AF243142","1596","Lactobacillus gasseri",FALSE,TRUE,980,FALSE,TRUE,"Lactobacillus gasseri (1596)","non-type"
"S000389893","AF243151","1596","Lactobacillus gasseri",FALSE,TRUE,982,FALSE,TRUE,"Lactobacillus gasseri (1596)","non-type"
"S000389899","AF243157","1596","Lactobacillus gasseri",FALSE,TRUE,984,FALSE,TRUE,"Lactobacillus gasseri (1596)","non-type"
"S000843157","EF460495","1596","Lactobacillus gasseri",FALSE,TRUE,989,FALSE,TRUE,"Lactobacillus gasseri (1596)","non-type"
"S000978737","AB008209","1596","Lactobacillus gasseri",FALSE,TRUE,991,FALSE,TRUE,"Lactobacillus gasseri (1596)","non-type"
"S001587466","AB517146","1596","Lactobacillus gasseri",FALSE,TRUE,992,FALSE,TRUE,"Lactobacillus gasseri (1596)","non-type"
"S002165653","GU454855","1596","Lactobacillus gasseri",FALSE,TRUE,994,FALSE,TRUE,"Lactobacillus gasseri (1596)","non-type"
"S002165655","GU454857","1596","Lactobacillus gasseri",FALSE,TRUE,995,FALSE,TRUE,"Lactobacillus gasseri (1596)","non-type"
"S000431102","AF522394","1613","Lactobacillus fermentum",FALSE,TRUE,1005,FALSE,TRUE,"Lactobacillus fermentum (1613)","non-type"
"S000551045","AY929279","1613","Lactobacillus fermentum",FALSE,TRUE,1007,FALSE,TRUE,"Lactobacillus fermentum (1613)","non-type"
"S000843158","EF460496","1613","Lactobacillus fermentum",FALSE,TRUE,1020,FALSE,TRUE,"Lactobacillus fermentum (1613)","non-type"
"S000859966","EF535257","1613","Lactobacillus fermentum",FALSE,TRUE,1021,FALSE,TRUE,"Lactobacillus fermentum (1613)","non-type"
"S000942618","EU130908","1613","Lactobacillus fermentum",FALSE,TRUE,1033,FALSE,TRUE,"Lactobacillus fermentum (1613)","non-type"
"S000965607","EF113959","1613","Lactobacillus fermentum",FALSE,TRUE,1035,FALSE,TRUE,"Lactobacillus fermentum (1613)","non-type"
"S001240622","EU547298","1613","Lactobacillus fermentum",FALSE,TRUE,1062,FALSE,TRUE,"Lactobacillus fermentum (1613)","non-type"
"S001352676","FJ861095","1613","Lactobacillus fermentum",FALSE,TRUE,1086,FALSE,TRUE,"Lactobacillus fermentum (1613)","non-type"
"S002152610","HM058060","1613","Lactobacillus fermentum",FALSE,TRUE,1112,FALSE,TRUE,"Lactobacillus fermentum (1613)","non-type"
"S002152917","HM058367","1613","Lactobacillus fermentum",FALSE,TRUE,1116,FALSE,TRUE,"Lactobacillus fermentum (1613)","non-type"
"S000824738","EF412986","1624","Lactobacillus salivarius",FALSE,TRUE,1134,FALSE,TRUE,"Lactobacillus salivarius (1624)","non-type"
"S000927167","EU099039","1624","Lactobacillus salivarius",FALSE,TRUE,1141,FALSE,TRUE,"Lactobacillus salivarius (1624)","non-type"
"S001098504","EU626024","1624","Lactobacillus salivarius",FALSE,TRUE,1146,FALSE,TRUE,"Lactobacillus salivarius (1624)","non-type"
"S001152215","AY112743","1624","Lactobacillus salivarius",FALSE,TRUE,1147,FALSE,TRUE,"Lactobacillus salivarius (1624)","non-type"
"S001168699","AF089108","1624","Lactobacillus salivarius",TRUE,TRUE,1148,FALSE,TRUE,"Lactobacillus salivarius (1624)","type"
"S001611249","FJ751782","1624","Lactobacillus salivarius",FALSE,TRUE,1154,FALSE,TRUE,"Lactobacillus salivarius (1624)","non-type"
"S001611250","FJ751783","1624","Lactobacillus salivarius",FALSE,TRUE,1155,FALSE,TRUE,"Lactobacillus salivarius (1624)","non-type"
"S001611251","FJ751784","1624","Lactobacillus salivarius",FALSE,TRUE,1156,FALSE,TRUE,"Lactobacillus salivarius (1624)","non-type"
"S001611252","FJ751785","1624","Lactobacillus salivarius",FALSE,TRUE,1157,FALSE,TRUE,"Lactobacillus salivarius (1624)","non-type"
"S001611254","FJ751787","1624","Lactobacillus salivarius",FALSE,TRUE,1158,FALSE,TRUE,"Lactobacillus salivarius (1624)","non-type"
"127F-70","","1633","Lactobacillus vaginalis",FALSE,TRUE,1163,FALSE,TRUE,"Lactobacillus vaginalis (1633)","non-type"
"4VAG-18","","1633","Lactobacillus vaginalis",FALSE,TRUE,1164,FALSE,TRUE,"Lactobacillus vaginalis (1633)","non-type"
"S000389896","AF243154","1633","Lactobacillus vaginalis",FALSE,TRUE,1165,FALSE,TRUE,"Lactobacillus vaginalis (1633)","non-type"
"S000389919","AF243177","1633","Lactobacillus vaginalis",TRUE,TRUE,1166,FALSE,TRUE,"Lactobacillus vaginalis (1633)","type"
"S000542976","AB158767","1633","Lactobacillus vaginalis",FALSE,TRUE,1167,FALSE,TRUE,"Lactobacillus vaginalis (1633)","non-type"
"S000542977","AB158768","1633","Lactobacillus vaginalis",FALSE,TRUE,1168,FALSE,TRUE,"Lactobacillus vaginalis (1633)","non-type"
"S000843159","EF460497","1633","Lactobacillus vaginalis",FALSE,TRUE,1169,FALSE,TRUE,"Lactobacillus vaginalis (1633)","non-type"
"S001240626","EU547302","1633","Lactobacillus vaginalis",FALSE,TRUE,1170,FALSE,TRUE,"Lactobacillus vaginalis (1633)","non-type"
"S001240636","EU547312","1633","Lactobacillus vaginalis",FALSE,TRUE,1171,FALSE,TRUE,"Lactobacillus vaginalis (1633)","non-type"
"S001589388","GQ422709","1633","Lactobacillus vaginalis",FALSE,TRUE,1172,FALSE,TRUE,"Lactobacillus vaginalis (1633)","non-type"
"S000087730","AJ312385","166486","Roseburia intestinalis",TRUE,TRUE,1173,FALSE,TRUE,"Roseburia intestinalis (166486)","type"
"S000087731","AJ312386","166486","Roseburia intestinalis",FALSE,TRUE,1174,FALSE,TRUE,"Roseburia intestinalis (166486)","non-type"
"S000629151","AM055815","166486","Roseburia intestinalis",FALSE,TRUE,1175,FALSE,TRUE,"Roseburia intestinalis (166486)","non-type"
"S000380060","AY694148","1681","Bifidobacterium bifidum",FALSE,TRUE,1176,FALSE,TRUE,"Bifidobacterium bifidum (1681)","non-type"
"S000381050","S83624","1681","Bifidobacterium bifidum",FALSE,TRUE,1177,FALSE,TRUE,"Bifidobacterium bifidum (1681)","non-type"
"S000776819","EF190988","1681","Bifidobacterium bifidum",FALSE,TRUE,1178,FALSE,TRUE,"Bifidobacterium bifidum (1681)","non-type"
"S000806299","EF370998","1681","Bifidobacterium bifidum",FALSE,TRUE,1179,FALSE,TRUE,"Bifidobacterium bifidum (1681)","non-type"
"S002166618","GU936674","1681","Bifidobacterium bifidum",FALSE,TRUE,1182,FALSE,TRUE,"Bifidobacterium bifidum (1681)","non-type"
"S000008715","AF491834","1685","Bifidobacterium breve",FALSE,TRUE,1184,FALSE,TRUE,"Bifidobacterium breve (1685)","non-type"
"S000381784","AB006658","1685","Bifidobacterium breve",TRUE,TRUE,1191,FALSE,TRUE,"Bifidobacterium breve (1685)","type"
"S000399795","AY172657","1685","Bifidobacterium breve",FALSE,TRUE,1193,FALSE,TRUE,"Bifidobacterium breve (1685)","non-type"
"S000405012","AY267190","1685","Bifidobacterium breve",FALSE,TRUE,1194,FALSE,TRUE,"Bifidobacterium breve (1685)","non-type"
"S001352708","FJ861666","1685","Bifidobacterium breve",FALSE,TRUE,1198,FALSE,TRUE,"Bifidobacterium breve (1685)","non-type"
"S000021505","M59230","1735","Eubacterium biforme",TRUE,TRUE,1200,FALSE,TRUE,"Eubacterium biforme (1735)","type"
"S000393168","AF399956","177972","Shuttleworthia satelles",TRUE,TRUE,1201,FALSE,TRUE,"Shuttleworthia satelles (177972)","type"
"S000366397","AJ420008","179628","Clostridium colicanis",TRUE,TRUE,1202,FALSE,TRUE,"Clostridium colicanis (179628)","type"
"S001549682","FJ957864","179628","Clostridium colicanis",FALSE,TRUE,1204,FALSE,TRUE,"Clostridium colicanis (179628)","non-type"
"S001549686","FJ957868","179628","Clostridium colicanis",FALSE,TRUE,1208,FALSE,TRUE,"Clostridium colicanis (179628)","non-type"
"S001549687","FJ957869","179628","Clostridium colicanis",FALSE,TRUE,1209,FALSE,TRUE,"Clostridium colicanis (179628)","non-type"
"S001549688","FJ957870","179628","Clostridium colicanis",FALSE,TRUE,1210,FALSE,TRUE,"Clostridium colicanis (179628)","non-type"
"S000129424","AJ292530","181675","Lactobacillus coleohominis",FALSE,TRUE,1211,FALSE,TRUE,"Lactobacillus coleohominis (181675)","non-type"
"S000608871","AM113776","181675","Lactobacillus coleohominis",TRUE,TRUE,1212,FALSE,TRUE,"Lactobacillus coleohominis (181675)","type"
"S001792815","AB425925","181675","Lactobacillus coleohominis",FALSE,TRUE,1213,FALSE,TRUE,"Lactobacillus coleohominis (181675)","non-type"
"S000112115","AJ428402","184870","Varibaculum cambriense",TRUE,TRUE,1214,FALSE,TRUE,"Varibaculum cambriense (184870)","type"
"S000433822","AJ491326","184870","Varibaculum cambriense",FALSE,TRUE,1215,FALSE,TRUE,"Varibaculum cambriense (184870)","non-type"
"S000608087","AM084231","184870","Varibaculum cambriense",FALSE,TRUE,1216,FALSE,TRUE,"Varibaculum cambriense (184870)","non-type"
"S001188095","FJ169866","184870","Varibaculum cambriense",FALSE,TRUE,1217,FALSE,TRUE,"Varibaculum cambriense (184870)","non-type"
"S001188096","FJ169867","184870","Varibaculum cambriense",FALSE,TRUE,1218,FALSE,TRUE,"Varibaculum cambriense (184870)","non-type"
"123B-25","","186802_1","BVAB1",FALSE,TRUE,1220,FALSE,TRUE,"BVAB1 (186802_1)","non-type"
"141B-3","","186802_1","BVAB1",FALSE,TRUE,1221,FALSE,TRUE,"BVAB1 (186802_1)","non-type"
"2BV-15","","186802_1","BVAB1",FALSE,TRUE,1222,FALSE,TRUE,"BVAB1 (186802_1)","non-type"
"3BV-5","","186802_1","BVAB1",FALSE,TRUE,1227,FALSE,TRUE,"BVAB1 (186802_1)","non-type"
"7BV-93","","186802_1","BVAB1",FALSE,TRUE,1234,FALSE,TRUE,"BVAB1 (186802_1)","non-type"
"123B-28","","186802_2","BVAB2",FALSE,TRUE,1236,FALSE,TRUE,"BVAB2 (186802_2)","non-type"
"163B-51","","186802_2","BVAB2",FALSE,TRUE,1238,FALSE,TRUE,"BVAB2 (186802_2)","non-type"
"4BVB-5","","186802_2","BVAB2",FALSE,TRUE,1241,FALSE,TRUE,"BVAB2 (186802_2)","non-type"
"4BVQ-3","","186802_2","BVAB2",FALSE,TRUE,1242,FALSE,TRUE,"BVAB2 (186802_2)","non-type"
"7BVB-26","","186802_2","BVAB2",FALSE,TRUE,1245,FALSE,TRUE,"BVAB2 (186802_2)","non-type"
"112Q-85","","186802_3","BVAB3",FALSE,TRUE,1246,FALSE,TRUE,"BVAB3 (186802_3)","non-type"
"1BV-44","","186802_3","BVAB3",FALSE,TRUE,1247,FALSE,TRUE,"BVAB3 (186802_3)","non-type"
"1BVBACT-82","","186802_3","BVAB3",FALSE,TRUE,1248,FALSE,TRUE,"BVAB3 (186802_3)","non-type"
"2BV-25","","186802_3","BVAB3",FALSE,TRUE,1249,FALSE,TRUE,"BVAB3 (186802_3)","non-type"
"2BVBACT-97","","186802_3","BVAB3",FALSE,TRUE,1250,FALSE,TRUE,"BVAB3 (186802_3)","non-type"
"4BVB-10","","186802_3","BVAB3",FALSE,TRUE,1251,FALSE,TRUE,"BVAB3 (186802_3)","non-type"
"7BVB-92","","186802_3","BVAB3",FALSE,TRUE,1252,FALSE,TRUE,"BVAB3 (186802_3)","non-type"
"123Q-17","","187101","Leptotrichia amnionii",FALSE,TRUE,1254,FALSE,TRUE,"Leptotrichia amnionii (187101)","non-type"
"5BVBACT-26","","187101","Leptotrichia amnionii",FALSE,TRUE,1261,FALSE,TRUE,"Leptotrichia amnionii (187101)","non-type"
"5BVBACT-84","","187101","Leptotrichia amnionii",FALSE,TRUE,1262,FALSE,TRUE,"Leptotrichia amnionii (187101)","non-type"
"7BVC-108","","187101","Leptotrichia amnionii",FALSE,TRUE,1265,FALSE,TRUE,"Leptotrichia amnionii (187101)","non-type"
"7BVB-17","","187101","Leptotrichia amnionii",FALSE,TRUE,1269,FALSE,TRUE,"Leptotrichia amnionii (187101)","non-type"
"7BVA-4","","187328","Veillonella montpellierensis",FALSE,TRUE,1275,FALSE,TRUE,"Veillonella montpellierensis (187328)","non-type"
"S000368429","AY355141","187328","Veillonella montpellierensis",FALSE,TRUE,1276,FALSE,TRUE,"Veillonella montpellierensis (187328)","non-type"
"S000368430","AY355142","187328","Veillonella montpellierensis",FALSE,TRUE,1277,FALSE,TRUE,"Veillonella montpellierensis (187328)","non-type"
"S000395079","AF473836","187328","Veillonella montpellierensis",TRUE,TRUE,1278,FALSE,TRUE,"Veillonella montpellierensis (187328)","type"
"S000404352","AY244769","187328","Veillonella montpellierensis",FALSE,TRUE,1279,FALSE,TRUE,"Veillonella montpellierensis (187328)","non-type"
"4BVB-40","","2051","Mobiluncus curtisii",FALSE,TRUE,1280,FALSE,TRUE,"Mobiluncus curtisii (2051)","non-type"
"S000148549","AJ576074","2051","Mobiluncus curtisii",FALSE,TRUE,1281,FALSE,TRUE,"Mobiluncus curtisii (2051)","non-type"
"S000148552","AJ576085","2051","Mobiluncus curtisii",FALSE,TRUE,1282,FALSE,TRUE,"Mobiluncus curtisii (2051)","non-type"
"S000149189","AJ576084","2051","Mobiluncus curtisii",FALSE,TRUE,1284,FALSE,TRUE,"Mobiluncus curtisii (2051)","non-type"
"S000149439","AJ576086","2051","Mobiluncus curtisii",FALSE,TRUE,1285,FALSE,TRUE,"Mobiluncus curtisii (2051)","non-type"
"1057-129DG2R-13","","2052","Mobiluncus mulieris",FALSE,TRUE,1287,FALSE,TRUE,"Mobiluncus mulieris (2052)","non-type"
"123B-85-F","","2052","Mobiluncus mulieris",FALSE,TRUE,1288,FALSE,TRUE,"Mobiluncus mulieris (2052)","non-type"
"S000148042","AJ576078","2052","Mobiluncus mulieris",FALSE,TRUE,1291,FALSE,TRUE,"Mobiluncus mulieris (2052)","non-type"
"S000148551","AJ576080","2052","Mobiluncus mulieris",FALSE,TRUE,1292,FALSE,TRUE,"Mobiluncus mulieris (2052)","non-type"
"S000149022","AJ576076","2052","Mobiluncus mulieris",FALSE,TRUE,1293,FALSE,TRUE,"Mobiluncus mulieris (2052)","non-type"
"S000015364","X77334","2097","Mycoplasma genitalium",TRUE,TRUE,1294,FALSE,TRUE,"Mycoplasma genitalium (2097)","type"
"S000410519","AY466443","2097","Mycoplasma genitalium",FALSE,TRUE,1295,FALSE,TRUE,"Mycoplasma genitalium (2097)","non-type"
"3025-338F-91","","2098","Mycoplasma hominis",FALSE,TRUE,1297,FALSE,TRUE,"Mycoplasma hominis (2098)","non-type"
"S000004762","AJ002266","2098","Mycoplasma hominis",FALSE,TRUE,1300,FALSE,TRUE,"Mycoplasma hominis (2098)","non-type"
"S000005514","AJ002268","2098","Mycoplasma hominis",FALSE,TRUE,1301,FALSE,TRUE,"Mycoplasma hominis (2098)","non-type"
"S000007585","M96660","2098","Mycoplasma hominis",FALSE,TRUE,1302,FALSE,TRUE,"Mycoplasma hominis (2098)","non-type"
"S000721390","AF443616","2098","Mycoplasma hominis",TRUE,TRUE,1303,FALSE,TRUE,"Mycoplasma hominis (2098)","type"
"S000414333","L08642","2130","Ureaplasma urealyticum",FALSE,TRUE,1304,FALSE,TRUE,"Ureaplasma urealyticum (2130)","non-type"
"S000437046","U06094","2130","Ureaplasma urealyticum",FALSE,TRUE,1306,FALSE,TRUE,"Ureaplasma urealyticum (2130)","non-type"
"S000437047","U06095","2130","Ureaplasma urealyticum",FALSE,TRUE,1307,FALSE,TRUE,"Ureaplasma urealyticum (2130)","non-type"
"S000437048","U06096","2130","Ureaplasma urealyticum",FALSE,TRUE,1308,FALSE,TRUE,"Ureaplasma urealyticum (2130)","non-type"
"S000437049","U06097","2130","Ureaplasma urealyticum",FALSE,TRUE,1309,FALSE,TRUE,"Ureaplasma urealyticum (2130)","non-type"
"S000627084","DQ295034","216816","Bifidobacterium longum",FALSE,TRUE,1314,FALSE,TRUE,"Bifidobacterium longum (216816)","non-type"
"S000805616","EF203956","216816","Bifidobacterium longum",FALSE,TRUE,1315,FALSE,TRUE,"Bifidobacterium longum (216816)","non-type"
"S001292608","EU372978","216816","Bifidobacterium longum",FALSE,TRUE,1318,FALSE,TRUE,"Bifidobacterium longum (216816)","non-type"
"S001352705","FJ861663","216816","Bifidobacterium longum",FALSE,TRUE,1319,FALSE,TRUE,"Bifidobacterium longum (216816)","non-type"
"S001352707","FJ861665","216816","Bifidobacterium longum",FALSE,TRUE,1320,FALSE,TRUE,"Bifidobacterium longum (216816)","non-type"
"S000543947","AJ566849","234908","Sutterella stercoricanis",TRUE,TRUE,1321,FALSE,TRUE,"Sutterella stercoricanis (234908)","type"
"AY331416","AY331416","239137","candidate division TM7 genomosp. P1",FALSE,TRUE,1322,FALSE,TRUE,"candidate division TM7 genomosp. P1 (239137)","non-type"
"FJ470446","FJ470446","239137","candidate division TM7 genomosp. P1",FALSE,TRUE,1323,FALSE,TRUE,"candidate division TM7 genomosp. P1 (239137)","non-type"
"AF125206","AF125206","239137","candidate division TM7 genomosp. P1",FALSE,TRUE,1324,FALSE,TRUE,"candidate division TM7 genomosp. P1 (239137)","non-type"
"123F3-61","","2702","Gardnerella vaginalis",FALSE,TRUE,1331,FALSE,TRUE,"Gardnerella vaginalis (2702)","non-type"
"127Q-110","","2702","Gardnerella vaginalis",FALSE,TRUE,1335,FALSE,TRUE,"Gardnerella vaginalis (2702)","non-type"
"163B-1","","2702","Gardnerella vaginalis",FALSE,TRUE,1338,FALSE,TRUE,"Gardnerella vaginalis (2702)","non-type"
"1BV-4","","2702","Gardnerella vaginalis",FALSE,TRUE,1339,FALSE,TRUE,"Gardnerella vaginalis (2702)","non-type"
"3BV-15","","2702","Gardnerella vaginalis",FALSE,TRUE,1345,FALSE,TRUE,"Gardnerella vaginalis (2702)","non-type"
"5BV-62","","2702","Gardnerella vaginalis",FALSE,TRUE,1350,FALSE,TRUE,"Gardnerella vaginalis (2702)","non-type"
"8BV-3","","2702","Gardnerella vaginalis",FALSE,TRUE,1359,FALSE,TRUE,"Gardnerella vaginalis (2702)","non-type"
"7BVA-2","","2702","Gardnerella vaginalis",FALSE,TRUE,1361,FALSE,TRUE,"Gardnerella vaginalis (2702)","non-type"
"7BVB-6","","2702","Gardnerella vaginalis",FALSE,TRUE,1366,FALSE,TRUE,"Gardnerella vaginalis (2702)","non-type"
"S000436355","M58744","2702","Gardnerella vaginalis",TRUE,TRUE,1367,TRUE,TRUE,"Gardnerella vaginalis (2702)","type"
"4VAG-92","","28035","Staphylococcus lugdunensis",FALSE,TRUE,1369,FALSE,TRUE,"Staphylococcus lugdunensis (28035)","non-type"
"S000381988","AB009941","28035","Staphylococcus lugdunensis",TRUE,TRUE,1370,FALSE,TRUE,"Staphylococcus lugdunensis (28035)","type"
"S000482457","AY903256","28035","Staphylococcus lugdunensis",FALSE,TRUE,1371,FALSE,TRUE,"Staphylococcus lugdunensis (28035)","non-type"
"S000482459","AY903258","28035","Staphylococcus lugdunensis",FALSE,TRUE,1373,FALSE,TRUE,"Staphylococcus lugdunensis (28035)","non-type"
"S001588040","EU373527","28035","Staphylococcus lugdunensis",FALSE,TRUE,1374,FALSE,TRUE,"Staphylococcus lugdunensis (28035)","non-type"
"S000386901","AF003929","28037","Streptococcus mitis",TRUE,TRUE,1377,FALSE,TRUE,"Streptococcus mitis (28037)","type"
"S000405651","AY281076","28037","Streptococcus mitis",FALSE,TRUE,1379,FALSE,TRUE,"Streptococcus mitis (28037)","non-type"
"S001187498","EU156762","28037","Streptococcus mitis",FALSE,TRUE,1393,FALSE,TRUE,"Streptococcus mitis (28037)","non-type"
"S001352169","FJ823148","28037","Streptococcus mitis",FALSE,TRUE,1397,FALSE,TRUE,"Streptococcus mitis (28037)","non-type"
"S002034943","GU561381","28037","Streptococcus mitis",FALSE,TRUE,1407,FALSE,TRUE,"Streptococcus mitis (28037)","non-type"
"112Q-98","","28123","Porphyromonas asaccharolytica",FALSE,TRUE,1410,FALSE,TRUE,"Porphyromonas asaccharolytica (28123)","non-type"
"113S1-51","","28123","Porphyromonas asaccharolytica",FALSE,TRUE,1412,FALSE,TRUE,"Porphyromonas asaccharolytica (28123)","non-type"
"123F2-107","","28123","Porphyromonas asaccharolytica",FALSE,TRUE,1413,FALSE,TRUE,"Porphyromonas asaccharolytica (28123)","non-type"
"3025-189R-43","","28123","Porphyromonas asaccharolytica",FALSE,TRUE,1416,FALSE,TRUE,"Porphyromonas asaccharolytica (28123)","non-type"
"S000414473","L16490","28123","Porphyromonas asaccharolytica",TRUE,TRUE,1419,TRUE,TRUE,"Porphyromonas asaccharolytica (28123)","type"
"S000404711","AY253728","28124","Porphyromonas endodontalis",TRUE,TRUE,1421,FALSE,TRUE,"Porphyromonas endodontalis (28124)","type"
"S000414474","L16491","28124","Porphyromonas endodontalis",FALSE,TRUE,1422,FALSE,TRUE,"Porphyromonas endodontalis (28124)","non-type"
"123F-82","","28125","Prevotella bivia",FALSE,TRUE,1423,FALSE,TRUE,"Prevotella bivia (28125)","non-type"
"127Q-23","","28125","Prevotella bivia",FALSE,TRUE,1425,FALSE,TRUE,"Prevotella bivia (28125)","non-type"
"258B-16","","28125","Prevotella bivia",FALSE,TRUE,1427,FALSE,TRUE,"Prevotella bivia (28125)","non-type"
"3025-189R-64","","28125","Prevotella bivia",FALSE,TRUE,1428,FALSE,TRUE,"Prevotella bivia (28125)","non-type"
"S000414458","L16475","28125","Prevotella bivia",TRUE,TRUE,1429,FALSE,TRUE,"Prevotella bivia (28125)","type"
"127B-60","","28127","Prevotella buccalis",FALSE,TRUE,1430,FALSE,TRUE,"Prevotella buccalis (28127)","non-type"
"136B-75","","28127","Prevotella buccalis",FALSE,TRUE,1431,FALSE,TRUE,"Prevotella buccalis (28127)","non-type"
"141B-14","","28127","Prevotella buccalis",FALSE,TRUE,1432,FALSE,TRUE,"Prevotella buccalis (28127)","non-type"
"S000414459","L16476","28127","Prevotella buccalis",TRUE,TRUE,1433,FALSE,TRUE,"Prevotella buccalis (28127)","type"
"123F-19","","28130","Prevotella disiens",FALSE,TRUE,1434,FALSE,TRUE,"Prevotella disiens (28130)","non-type"
"123Q-10","","28130","Prevotella disiens",FALSE,TRUE,1435,FALSE,TRUE,"Prevotella disiens (28130)","non-type"
"S000414466","L16483","28130","Prevotella disiens",TRUE,TRUE,1436,FALSE,TRUE,"Prevotella disiens (28130)","type"
"S000414453","L16470","28132","Prevotella melaninogenica",FALSE,TRUE,1437,FALSE,TRUE,"Prevotella melaninogenica (28132)","non-type"
"S000546840","AY323525","28132","Prevotella melaninogenica",TRUE,TRUE,1438,FALSE,TRUE,"Prevotella melaninogenica (28132)","type"
"S001331333","FJ792538","28132","Prevotella melaninogenica",FALSE,TRUE,1439,FALSE,TRUE,"Prevotella melaninogenica (28132)","non-type"
"S002034908","GU561346","28132","Prevotella melaninogenica",FALSE,TRUE,1440,FALSE,TRUE,"Prevotella melaninogenica (28132)","non-type"
"S002034909","GU561347","28132","Prevotella melaninogenica",FALSE,TRUE,1441,FALSE,TRUE,"Prevotella melaninogenica (28132)","non-type"
"S000441859","AY570514","281920","Porphyromonas uenonis",TRUE,TRUE,1442,FALSE,TRUE,"Porphyromonas uenonis (281920)","type"
"S001589407","GQ422746","281920","Porphyromonas uenonis",FALSE,TRUE,1443,FALSE,TRUE,"Porphyromonas uenonis (281920)","non-type"
"S000011541","AJ234059","28264","Arcanobacterium haemolyticum",TRUE,TRUE,1445,FALSE,TRUE,"Arcanobacterium haemolyticum (28264)","type"
"S000996140","EU409524","28264","Arcanobacterium haemolyticum",FALSE,TRUE,1446,FALSE,TRUE,"Arcanobacterium haemolyticum (28264)","non-type"
"S000996141","EU409525","28264","Arcanobacterium haemolyticum",FALSE,TRUE,1447,FALSE,TRUE,"Arcanobacterium haemolyticum (28264)","non-type"
"S001171599","EU915467","28264","Arcanobacterium haemolyticum",FALSE,TRUE,1449,FALSE,TRUE,"Arcanobacterium haemolyticum (28264)","non-type"
"S001243373","FJ477385","28264","Arcanobacterium haemolyticum",FALSE,TRUE,1450,FALSE,TRUE,"Arcanobacterium haemolyticum (28264)","non-type"
"S001242365","FJ449846","287","Pseudomonas aeruginosa",FALSE,TRUE,1456,FALSE,TRUE,"Pseudomonas aeruginosa (287)","non-type"
"S000010427","X06684","287","Pseudomonas aeruginosa",TRUE,TRUE,1476,TRUE,TRUE,"Pseudomonas aeruginosa (287)","type"
"S000965468","EF102842","287","Pseudomonas aeruginosa",FALSE,TRUE,1588,FALSE,TRUE,"Pseudomonas aeruginosa (287)","non-type"
"S001170129","FJ009393","287","Pseudomonas aeruginosa",FALSE,TRUE,1635,FALSE,TRUE,"Pseudomonas aeruginosa (287)","non-type"
"S001187879","EU710872","287","Pseudomonas aeruginosa",FALSE,TRUE,1645,FALSE,TRUE,"Pseudomonas aeruginosa (287)","non-type"
"123Q-31","","293545","Sutterella morbirenis",FALSE,TRUE,1738,FALSE,TRUE,"Sutterella morbirenis (293545)","non-type"
"S000775302","AJ832129","293545","Sutterella morbirenis",FALSE,TRUE,1739,FALSE,TRUE,"Sutterella morbirenis (293545)","non-type"
"S000381984","AB009937","29388","Staphylococcus capitis",TRUE,TRUE,1740,FALSE,TRUE,"Staphylococcus capitis (29388)","type"
"S000434638","AY030321","29388","Staphylococcus capitis",FALSE,TRUE,1743,FALSE,TRUE,"Staphylococcus capitis (29388)","non-type"
"S000926528","EU071603","29388","Staphylococcus capitis",FALSE,TRUE,1744,FALSE,TRUE,"Staphylococcus capitis (29388)","non-type"
"S001263906","FJ357608","29388","Staphylococcus capitis",FALSE,TRUE,1751,FALSE,TRUE,"Staphylococcus capitis (29388)","non-type"
"S001263912","FJ357614","29388","Staphylococcus capitis",FALSE,TRUE,1752,FALSE,TRUE,"Staphylococcus capitis (29388)","non-type"
"S000002018","D84013","294","Pseudomonas fluorescens",TRUE,TRUE,1773,FALSE,TRUE,"Pseudomonas fluorescens (294)","type"
"S001015548","EU434546","294","Pseudomonas fluorescens",FALSE,TRUE,1894,FALSE,TRUE,"Pseudomonas fluorescens (294)","non-type"
"S001015580","EU434578","294","Pseudomonas fluorescens",FALSE,TRUE,1896,FALSE,TRUE,"Pseudomonas fluorescens (294)","non-type"
"S001097562","EU586046","294","Pseudomonas fluorescens",FALSE,TRUE,1905,FALSE,TRUE,"Pseudomonas fluorescens (294)","non-type"
"S001549441","FJ950542","294","Pseudomonas fluorescens",FALSE,TRUE,1931,FALSE,TRUE,"Pseudomonas fluorescens (294)","non-type"
"S000000269","X84005","29466","Veillonella parvula",FALSE,TRUE,1988,FALSE,TRUE,"Veillonella parvula (29466)","non-type"
"S000348930","AF439640","29466","Veillonella parvula",FALSE,TRUE,1989,FALSE,TRUE,"Veillonella parvula (29466)","non-type"
"S000528124","AY995767","29466","Veillonella parvula",TRUE,TRUE,1990,FALSE,TRUE,"Veillonella parvula (29466)","type"
"S001874825","GU350451","29466","Veillonella parvula",FALSE,TRUE,1994,FALSE,TRUE,"Veillonella parvula (29466)","non-type"
"S001884222","GU406115","29466","Veillonella parvula",FALSE,TRUE,1995,FALSE,TRUE,"Veillonella parvula (29466)","non-type"
"123F-67","","2_1","Novel bacterial clone type 1",FALSE,TRUE,1999,FALSE,TRUE,"Novel bacterial clone type 1 (2_1)","non-type"
"123F2-102","","2_1","Novel bacterial clone type 1",FALSE,TRUE,2000,FALSE,TRUE,"Novel bacterial clone type 1 (2_1)","non-type"
"123F3-53","","2_1","Novel bacterial clone type 1",FALSE,TRUE,2001,FALSE,TRUE,"Novel bacterial clone type 1 (2_1)","non-type"
"S000445104","AY804148","301301","Roseburia hominis",FALSE,TRUE,2002,FALSE,TRUE,"Roseburia hominis (301301)","non-type"
"S000445105","AY804149","301302","Roseburia faecis",FALSE,TRUE,2003,FALSE,TRUE,"Roseburia faecis (301302)","non-type"
"S000445106","AY804150","301302","Roseburia faecis",FALSE,TRUE,2004,FALSE,TRUE,"Roseburia faecis (301302)","non-type"
"S000003153","D84020","303","Pseudomonas putida",TRUE,TRUE,2015,FALSE,TRUE,"Pseudomonas putida (303)","type"
"S000965475","EF102849","303","Pseudomonas putida",FALSE,TRUE,2192,FALSE,TRUE,"Pseudomonas putida (303)","non-type"
"S001095911","EU438846","303","Pseudomonas putida",FALSE,TRUE,2210,FALSE,TRUE,"Pseudomonas putida (303)","non-type"
"S001549472","FJ950573","303","Pseudomonas putida",FALSE,TRUE,2281,FALSE,TRUE,"Pseudomonas putida (303)","non-type"
"S001549474","FJ950575","303","Pseudomonas putida",FALSE,TRUE,2282,FALSE,TRUE,"Pseudomonas putida (303)","non-type"
"S000478276","AY850119","308994","Dialister propionicifaciens",TRUE,TRUE,2343,FALSE,TRUE,"Dialister propionicifaciens (308994)","type"
"S000478277","AY850120","308994","Dialister propionicifaciens",FALSE,TRUE,2344,FALSE,TRUE,"Dialister propionicifaciens (308994)","non-type"
"S000478278","AY850121","308994","Dialister propionicifaciens",FALSE,TRUE,2345,FALSE,TRUE,"Dialister propionicifaciens (308994)","non-type"
"S000478279","AY850122","308994","Dialister propionicifaciens",FALSE,TRUE,2346,FALSE,TRUE,"Dialister propionicifaciens (308994)","non-type"
"S000335341","AB126690","316","Pseudomonas stutzeri",FALSE,TRUE,2397,FALSE,TRUE,"Pseudomonas stutzeri (316)","non-type"
"S001417839","FJ897850","316","Pseudomonas stutzeri",FALSE,TRUE,2483,FALSE,TRUE,"Pseudomonas stutzeri (316)","non-type"
"S001576749","GQ280051","316","Pseudomonas stutzeri",FALSE,TRUE,2490,FALSE,TRUE,"Pseudomonas stutzeri (316)","non-type"
"S000414619","L34682","31971","Eubacterium dolichum",TRUE,TRUE,2515,FALSE,TRUE,"Eubacterium dolichum (31971)","type"
"S000131535","AY153430","33030","Peptoniphilus indolicus",FALSE,TRUE,2516,FALSE,TRUE,"Peptoniphilus indolicus (33030)","non-type"
"S000398321","AY153431","33030","Peptoniphilus indolicus",TRUE,TRUE,2517,FALSE,TRUE,"Peptoniphilus indolicus (33030)","type"
"S002167081","GU993268","33030","Peptoniphilus indolicus",FALSE,TRUE,2518,FALSE,TRUE,"Peptoniphilus indolicus (33030)","non-type"
"123F-26","","33031","Peptoniphilus lacrimalis",FALSE,TRUE,2519,FALSE,TRUE,"Peptoniphilus lacrimalis (33031)","non-type"
"123Q-6","","33031","Peptoniphilus lacrimalis",FALSE,TRUE,2520,FALSE,TRUE,"Peptoniphilus lacrimalis (33031)","non-type"
"3025-189R-59","","33031","Peptoniphilus lacrimalis",FALSE,TRUE,2521,FALSE,TRUE,"Peptoniphilus lacrimalis (33031)","non-type"
"S000432296","AF542230","33031","Peptoniphilus lacrimalis",TRUE,TRUE,2522,FALSE,TRUE,"Peptoniphilus lacrimalis (33031)","type"
"1BVBACT-87","","33033","Parvimonas micra",FALSE,TRUE,2524,FALSE,TRUE,"Parvimonas micra (33033)","non-type"
"8BV-109","","33033","Parvimonas micra",FALSE,TRUE,2525,FALSE,TRUE,"Parvimonas micra (33033)","non-type"
"3376-129DG2R-65","","33033","Parvimonas micra",FALSE,TRUE,2526,FALSE,TRUE,"Parvimonas micra (33033)","non-type"
"3025-338F-5","","33033","Parvimonas micra",FALSE,TRUE,2527,FALSE,TRUE,"Parvimonas micra (33033)","non-type"
"123B-11-F","","33033","Parvimonas micra",FALSE,TRUE,2529,FALSE,TRUE,"Parvimonas micra (33033)","non-type"
"123F2-5","","33036","Anaerococcus tetradius",FALSE,TRUE,2539,FALSE,TRUE,"Anaerococcus tetradius (33036)","non-type"
"3001-189R-24","","33036","Anaerococcus tetradius",FALSE,TRUE,2541,FALSE,TRUE,"Anaerococcus tetradius (33036)","non-type"
"S000432300","AF542234","33036","Anaerococcus tetradius",TRUE,TRUE,2542,FALSE,TRUE,"Anaerococcus tetradius (33036)","type"
"S000995186","D14142","33036","Anaerococcus tetradius",FALSE,TRUE,2543,FALSE,TRUE,"Anaerococcus tetradius (33036)","non-type"
"S001589410","GQ422749","33036","Anaerococcus tetradius",FALSE,TRUE,2544,FALSE,TRUE,"Anaerococcus tetradius (33036)","non-type"
"113F4-90","","33037","Anaerococcus vaginalis",FALSE,TRUE,2545,FALSE,TRUE,"Anaerococcus vaginalis (33037)","non-type"
"S000432295","AF542229","33037","Anaerococcus vaginalis",TRUE,TRUE,2546,FALSE,TRUE,"Anaerococcus vaginalis (33037)","type"
"S000995189","D14146","33037","Anaerococcus vaginalis",FALSE,TRUE,2547,FALSE,TRUE,"Anaerococcus vaginalis (33037)","non-type"
"S000015704","AJ301825","33945","Enterococcus avium",FALSE,TRUE,2549,FALSE,TRUE,"Enterococcus avium (33945)","non-type"
"S000387859","AF133535","33945","Enterococcus avium",TRUE,TRUE,2551,FALSE,TRUE,"Enterococcus avium (33945)","type"
"S000428247","AF061008","33945","Enterococcus avium",FALSE,TRUE,2552,FALSE,TRUE,"Enterococcus avium (33945)","non-type"
"S000891902","DQ779961","33945","Enterococcus avium",FALSE,TRUE,2553,FALSE,TRUE,"Enterococcus avium (33945)","non-type"
"S001292632","EU391532","33945","Enterococcus avium",FALSE,TRUE,2554,FALSE,TRUE,"Enterococcus avium (33945)","non-type"
"S000634343","DQ160208","341694","Peptostreptococcus stomatis",TRUE,TRUE,2555,FALSE,TRUE,"Peptostreptococcus stomatis (341694)","type"
"S001589391","GQ422715","341694","Peptostreptococcus stomatis",FALSE,TRUE,2556,FALSE,TRUE,"Peptostreptococcus stomatis (341694)","non-type"
"S001879390","GU401283","341694","Peptostreptococcus stomatis",FALSE,TRUE,2557,FALSE,TRUE,"Peptostreptococcus stomatis (341694)","non-type"
"S000653955","DQ458962","358","Agrobacterium tumefaciens",FALSE,TRUE,2593,FALSE,TRUE,"Agrobacterium tumefaciens (358)","non-type"
"S001152591","EU022589","358","Agrobacterium tumefaciens",FALSE,TRUE,2636,FALSE,TRUE,"Agrobacterium tumefaciens (358)","non-type"
"S001154160","EU834271","358","Agrobacterium tumefaciens",FALSE,TRUE,2637,FALSE,TRUE,"Agrobacterium tumefaciens (358)","non-type"
"S001198505","EU239203","358","Agrobacterium tumefaciens",FALSE,TRUE,2647,FALSE,TRUE,"Agrobacterium tumefaciens (358)","non-type"
"S001576647","GQ267695","358","Agrobacterium tumefaciens",FALSE,TRUE,2664,FALSE,TRUE,"Agrobacterium tumefaciens (358)","non-type"
"S000011559","X80500","38284","Corynebacterium accolens",FALSE,TRUE,2681,FALSE,TRUE,"Corynebacterium accolens (38284)","non-type"
"S000366402","AJ439346","38284","Corynebacterium accolens",TRUE,TRUE,2682,FALSE,TRUE,"Corynebacterium accolens (38284)","type"
"S000978896","AB359401","38284","Corynebacterium accolens",FALSE,TRUE,2683,FALSE,TRUE,"Corynebacterium accolens (38284)","non-type"
"S001577610","GQ338419","38284","Corynebacterium accolens",FALSE,TRUE,2684,FALSE,TRUE,"Corynebacterium accolens (38284)","non-type"
"S000414599","L34420","39485","Eubacterium eligens",FALSE,TRUE,2685,FALSE,TRUE,"Eubacterium eligens (39485)","non-type"
"S000414610","L34621","39488","Eubacterium hallii",FALSE,TRUE,2686,FALSE,TRUE,"Eubacterium hallii (39488)","non-type"
"S000399530","AY169428","39491","Eubacterium rectale",FALSE,TRUE,2687,FALSE,TRUE,"Eubacterium rectale (39491)","non-type"
"S000445107","AY804151","39491","Eubacterium rectale",FALSE,TRUE,2688,FALSE,TRUE,"Eubacterium rectale (39491)","non-type"
"S000445108","AY804152","39491","Eubacterium rectale",FALSE,TRUE,2689,FALSE,TRUE,"Eubacterium rectale (39491)","non-type"
"S000414614","L34625","39492","Eubacterium siraeum",FALSE,TRUE,2690,FALSE,TRUE,"Eubacterium siraeum (39492)","non-type"
"S001044497","EU266550","39492","Eubacterium siraeum",FALSE,TRUE,2691,FALSE,TRUE,"Eubacterium siraeum (39492)","non-type"
"S000015427","X84007","39777","Veillonella atypica",FALSE,TRUE,2692,FALSE,TRUE,"Veillonella atypica (39777)","non-type"
"S000348931","AF439641","39777","Veillonella atypica",TRUE,TRUE,2693,FALSE,TRUE,"Veillonella atypica (39777)","type"
"S000528125","AY995768","39777","Veillonella atypica",FALSE,TRUE,2694,FALSE,TRUE,"Veillonella atypica (39777)","non-type"
"S002034974","GU561412","39777","Veillonella atypica",FALSE,TRUE,2696,FALSE,TRUE,"Veillonella atypica (39777)","non-type"
"112Q-65","","39948_1","Dialister sp. type 1",FALSE,TRUE,2697,FALSE,TRUE,"Dialister sp. type 1 (39948_1)","non-type"
"123F-25","","39948_1","Dialister sp. type 1",FALSE,TRUE,2698,FALSE,TRUE,"Dialister sp. type 1 (39948_1)","non-type"
"123F3-54","","39948_1","Dialister sp. type 1",FALSE,TRUE,2699,FALSE,TRUE,"Dialister sp. type 1 (39948_1)","non-type"
"3BV-106","","39948_1","Dialister sp. type 1",FALSE,TRUE,2700,FALSE,TRUE,"Dialister sp. type 1 (39948_1)","non-type"
"3BV-74","","39948_1","Dialister sp. type 1",FALSE,TRUE,2701,FALSE,TRUE,"Dialister sp. type 1 (39948_1)","non-type"
"4VAG-89","","39948_1","Dialister sp. type 1",FALSE,TRUE,2702,FALSE,TRUE,"Dialister sp. type 1 (39948_1)","non-type"
"7BVB-73","","39948_1","Dialister sp. type 1",FALSE,TRUE,2703,FALSE,TRUE,"Dialister sp. type 1 (39948_1)","non-type"
"113S1-83","","39948_2","Dialister sp. type 2",FALSE,TRUE,2705,FALSE,TRUE,"Dialister sp. type 2 (39948_2)","non-type"
"123F-3","","39948_2","Dialister sp. type 2",FALSE,TRUE,2707,FALSE,TRUE,"Dialister sp. type 2 (39948_2)","non-type"
"123F2-80","","39948_2","Dialister sp. type 2",FALSE,TRUE,2708,FALSE,TRUE,"Dialister sp. type 2 (39948_2)","non-type"
"123F3-78","","39948_2","Dialister sp. type 2",FALSE,TRUE,2709,FALSE,TRUE,"Dialister sp. type 2 (39948_2)","non-type"
"123Q-21","","39948_2","Dialister sp. type 2",FALSE,TRUE,2710,FALSE,TRUE,"Dialister sp. type 2 (39948_2)","non-type"
"163B-19","","39948_2","Dialister sp. type 2",FALSE,TRUE,2711,FALSE,TRUE,"Dialister sp. type 2 (39948_2)","non-type"
"1BV-20","","39948_2","Dialister sp. type 2",FALSE,TRUE,2712,FALSE,TRUE,"Dialister sp. type 2 (39948_2)","non-type"
"1BVBACT-2","","39948_2","Dialister sp. type 2",FALSE,TRUE,2713,FALSE,TRUE,"Dialister sp. type 2 (39948_2)","non-type"
"7BVA-47","","39948_2","Dialister sp. type 2",FALSE,TRUE,2717,FALSE,TRUE,"Dialister sp. type 2 (39948_2)","non-type"
"7BVB-75","","39948_2","Dialister sp. type 2",FALSE,TRUE,2718,FALSE,TRUE,"Dialister sp. type 2 (39948_2)","non-type"
"HM021540","HM021540","39948_3","Dialister sp. type 3",FALSE,TRUE,2719,FALSE,TRUE,"Dialister sp. type 3 (39948_3)","non-type"
"HM021428","HM021428","39948_3","Dialister sp. type 3",FALSE,TRUE,2720,FALSE,TRUE,"Dialister sp. type 3 (39948_3)","non-type"
"FM872653","FM872653","39948_3","Dialister sp. type 3",FALSE,TRUE,2722,FALSE,TRUE,"Dialister sp. type 3 (39948_3)","non-type"
"HM021446","HM021446","39948_3","Dialister sp. type 3",FALSE,TRUE,2728,FALSE,TRUE,"Dialister sp. type 3 (39948_3)","non-type"
"HM021374","HM021374","39948_3","Dialister sp. type 3",FALSE,TRUE,2739,FALSE,TRUE,"Dialister sp. type 3 (39948_3)","non-type"
"HM021425","HM021425","39948_3","Dialister sp. type 3",FALSE,TRUE,2747,FALSE,TRUE,"Dialister sp. type 3 (39948_3)","non-type"
"DQ130020","DQ130020","39948_3","Dialister sp. type 3",FALSE,TRUE,2749,FALSE,TRUE,"Dialister sp. type 3 (39948_3)","non-type"
"HM021391","HM021391","39948_3","Dialister sp. type 3",FALSE,TRUE,2751,FALSE,TRUE,"Dialister sp. type 3 (39948_3)","non-type"
"AM697483","AM697483","39948_3","Dialister sp. type 3",FALSE,TRUE,2758,FALSE,TRUE,"Dialister sp. type 3 (39948_3)","non-type"
"HM021342","HM021342","39948_3","Dialister sp. type 3",FALSE,TRUE,2765,FALSE,TRUE,"Dialister sp. type 3 (39948_3)","non-type"
"S000926211","DQ925472","404403","Howardella ureilytica",TRUE,TRUE,2767,FALSE,TRUE,"Howardella ureilytica (404403)","type"
"123B-72","","40543","Sneathia sanguinegens",FALSE,TRUE,2768,FALSE,TRUE,"Sneathia sanguinegens (40543)","non-type"
"4BVB-23","","40543","Sneathia sanguinegens",FALSE,TRUE,2772,FALSE,TRUE,"Sneathia sanguinegens (40543)","non-type"
"5BVBACT-111","","40543","Sneathia sanguinegens",FALSE,TRUE,2774,FALSE,TRUE,"Sneathia sanguinegens (40543)","non-type"
"7BVB-4","","40543","Sneathia sanguinegens",FALSE,TRUE,2777,FALSE,TRUE,"Sneathia sanguinegens (40543)","non-type"
"S000096693","AJ344093","40543","Sneathia sanguinegens",TRUE,TRUE,2778,FALSE,TRUE,"Sneathia sanguinegens (40543)","type"
"113S1-21","","40544","Sutterella",FALSE,TRUE,2780,FALSE,TRUE,"Sutterella (40544)","non-type"
"S000414720","L37785","40545","Sutterella wadsworthensis",FALSE,TRUE,2781,FALSE,TRUE,"Sutterella wadsworthensis (40545)","non-type"
"S000414721","L37786","40545","Sutterella wadsworthensis",FALSE,TRUE,2782,FALSE,TRUE,"Sutterella wadsworthensis (40545)","non-type"
"S002035496","GU585669","40545","Sutterella wadsworthensis",FALSE,TRUE,2783,FALSE,TRUE,"Sutterella wadsworthensis (40545)","non-type"
"S002167711","HM037997","40545","Sutterella wadsworthensis",FALSE,TRUE,2784,FALSE,TRUE,"Sutterella wadsworthensis (40545)","non-type"
"S000017346","AJ278695","419015","Alloscardovia omnicolens",FALSE,TRUE,2785,FALSE,TRUE,"Alloscardovia omnicolens (419015)","non-type"
"S000018908","AJ278694","419015","Alloscardovia omnicolens",FALSE,TRUE,2786,FALSE,TRUE,"Alloscardovia omnicolens (419015)","non-type"
"S000775411","AM419458","419015","Alloscardovia omnicolens",FALSE,TRUE,2787,FALSE,TRUE,"Alloscardovia omnicolens (419015)","non-type"
"S000775412","AM419459","419015","Alloscardovia omnicolens",FALSE,TRUE,2788,FALSE,TRUE,"Alloscardovia omnicolens (419015)","non-type"
"S000775413","AM419460","419015","Alloscardovia omnicolens",TRUE,TRUE,2789,FALSE,TRUE,"Alloscardovia omnicolens (419015)","type"
"S000003483","X87151","43997","Catonella morbi",TRUE,TRUE,2790,FALSE,TRUE,"Catonella morbi (43997)","type"
"S001885060","GU406953","43997","Catonella morbi",FALSE,TRUE,2791,FALSE,TRUE,"Catonella morbi (43997)","non-type"
"S001885130","GU407023","43997","Catonella morbi",FALSE,TRUE,2792,FALSE,TRUE,"Catonella morbi (43997)","non-type"
"S001885131","GU407024","43997","Catonella morbi",FALSE,TRUE,2793,FALSE,TRUE,"Catonella morbi (43997)","non-type"
"S000701700","DQ497990","46507","Bacteroides coagulans",FALSE,TRUE,2794,FALSE,TRUE,"Bacteroides coagulans (46507)","non-type"
"S000651751","DQ379505","470","Acinetobacter baumannii",FALSE,TRUE,2801,FALSE,TRUE,"Acinetobacter baumannii (470)","non-type"
"S001098970","EU661697","470","Acinetobacter baumannii",FALSE,TRUE,2817,FALSE,TRUE,"Acinetobacter baumannii (470)","non-type"
"S001098973","EU661700","470","Acinetobacter baumannii",FALSE,TRUE,2818,FALSE,TRUE,"Acinetobacter baumannii (470)","non-type"
"S001239719","EF159726","470","Acinetobacter baumannii",FALSE,TRUE,2829,FALSE,TRUE,"Acinetobacter baumannii (470)","non-type"
"S001263766","FJ009590","470","Acinetobacter baumannii",FALSE,TRUE,2830,FALSE,TRUE,"Acinetobacter baumannii (470)","non-type"
"S000508582","AY823621","471","Acinetobacter calcoaceticus",FALSE,TRUE,2853,FALSE,TRUE,"Acinetobacter calcoaceticus (471)","non-type"
"S000539896","AJ888983","471","Acinetobacter calcoaceticus",TRUE,TRUE,2854,FALSE,TRUE,"Acinetobacter calcoaceticus (471)","type"
"S000617868","AM157426","471","Acinetobacter calcoaceticus",FALSE,TRUE,2857,FALSE,TRUE,"Acinetobacter calcoaceticus (471)","non-type"
"S000901949","DQ129724","471","Acinetobacter calcoaceticus",FALSE,TRUE,2862,FALSE,TRUE,"Acinetobacter calcoaceticus (471)","non-type"
"S001745108","GU084137","471","Acinetobacter calcoaceticus",FALSE,TRUE,2927,FALSE,TRUE,"Acinetobacter calcoaceticus (471)","non-type"
"S000422104","AY675253","47715","Lactobacillus rhamnosus",FALSE,TRUE,2934,FALSE,TRUE,"Lactobacillus rhamnosus (47715)","non-type"
"S000444212","AY773957","47715","Lactobacillus rhamnosus",FALSE,TRUE,2936,FALSE,TRUE,"Lactobacillus rhamnosus (47715)","non-type"
"S000444213","AY773958","47715","Lactobacillus rhamnosus",FALSE,TRUE,2937,FALSE,TRUE,"Lactobacillus rhamnosus (47715)","non-type"
"S000478280","AY852248","47715","Lactobacillus rhamnosus",FALSE,TRUE,2938,FALSE,TRUE,"Lactobacillus rhamnosus (47715)","non-type"
"S000843778","EF495247","47715","Lactobacillus rhamnosus",FALSE,TRUE,2940,FALSE,TRUE,"Lactobacillus rhamnosus (47715)","non-type"
"S001241390","FJ409226","47715","Lactobacillus rhamnosus",FALSE,TRUE,2945,FALSE,TRUE,"Lactobacillus rhamnosus (47715)","non-type"
"S001548994","EU825659","47715","Lactobacillus rhamnosus",FALSE,TRUE,2946,FALSE,TRUE,"Lactobacillus rhamnosus (47715)","non-type"
"S001575798","GQ202840","47715","Lactobacillus rhamnosus",FALSE,TRUE,2947,FALSE,TRUE,"Lactobacillus rhamnosus (47715)","non-type"
"S002166045","GU812307","47715","Lactobacillus rhamnosus",FALSE,TRUE,2950,FALSE,TRUE,"Lactobacillus rhamnosus (47715)","non-type"
"S002166047","GU812309","47715","Lactobacillus rhamnosus",FALSE,TRUE,2952,FALSE,TRUE,"Lactobacillus rhamnosus (47715)","non-type"
"136F-115","","47770","Lactobacillus crispatus",FALSE,TRUE,2958,FALSE,TRUE,"Lactobacillus crispatus (47770)","non-type"
"4VAG-338F-15","","47770","Lactobacillus crispatus",FALSE,TRUE,2971,FALSE,TRUE,"Lactobacillus crispatus (47770)","non-type"
"S000003123","AJ242969","47770","Lactobacillus crispatus",FALSE,TRUE,2972,FALSE,TRUE,"Lactobacillus crispatus (47770)","non-type"
"S000389883","AF243141","47770","Lactobacillus crispatus",FALSE,TRUE,2974,FALSE,TRUE,"Lactobacillus crispatus (47770)","non-type"
"S000389909","AF243167","47770","Lactobacillus crispatus",FALSE,TRUE,2978,FALSE,TRUE,"Lactobacillus crispatus (47770)","non-type"
"S000389917","AF243175","47770","Lactobacillus crispatus",FALSE,TRUE,2984,FALSE,TRUE,"Lactobacillus crispatus (47770)","non-type"
"S000390171","AF257097","47770","Lactobacillus crispatus",TRUE,TRUE,2986,FALSE,TRUE,"Lactobacillus crispatus (47770)","type"
"S000636272","DQ316398","47770","Lactobacillus crispatus",FALSE,TRUE,2987,FALSE,TRUE,"Lactobacillus crispatus (47770)","non-type"
"S000636355","DQ317604","47770","Lactobacillus crispatus",FALSE,TRUE,2988,FALSE,TRUE,"Lactobacillus crispatus (47770)","non-type"
"S001792812","AB425922","47770","Lactobacillus crispatus",FALSE,TRUE,2997,FALSE,TRUE,"Lactobacillus crispatus (47770)","non-type"
"S000262316","AB046999","47880","Pseudomonas fulva",TRUE,TRUE,3003,TRUE,TRUE,"Pseudomonas fulva (47880)","type"
"S000587583","DQ141541","47880","Pseudomonas fulva",FALSE,TRUE,3005,FALSE,TRUE,"Pseudomonas fulva (47880)","non-type"
"S000735292","AY741159","47880","Pseudomonas fulva",FALSE,TRUE,3008,FALSE,TRUE,"Pseudomonas fulva (47880)","non-type"
"S001198469","EU239167","47880","Pseudomonas fulva",FALSE,TRUE,3016,FALSE,TRUE,"Pseudomonas fulva (47880)","non-type"
"S001241512","FJ418772","47880","Pseudomonas fulva",FALSE,TRUE,3018,FALSE,TRUE,"Pseudomonas fulva (47880)","non-type"
"S000004324","D84004","47885","Pseudomonas oryzihabitans",TRUE,TRUE,3024,FALSE,TRUE,"Pseudomonas oryzihabitans (47885)","type"
"S001609989","EU977586","47885","Pseudomonas oryzihabitans",FALSE,TRUE,3032,FALSE,TRUE,"Pseudomonas oryzihabitans (47885)","non-type"
"S001610120","EU977717","47885","Pseudomonas oryzihabitans",FALSE,TRUE,3035,FALSE,TRUE,"Pseudomonas oryzihabitans (47885)","non-type"
"S001610143","EU977740","47885","Pseudomonas oryzihabitans",FALSE,TRUE,3038,FALSE,TRUE,"Pseudomonas oryzihabitans (47885)","non-type"
"S001610144","EU977741","47885","Pseudomonas oryzihabitans",FALSE,TRUE,3039,FALSE,TRUE,"Pseudomonas oryzihabitans (47885)","non-type"
"S000996242","EU414673","501496","Porphyromonas bennonis",TRUE,TRUE,3042,FALSE,TRUE,"Porphyromonas bennonis (501496)","type"
"S001905112","GU427005","51123","Eubacterium saphenum",FALSE,TRUE,3043,FALSE,TRUE,"Eubacterium saphenum (51123)","non-type"
"S000010758","X82451","52773","Actinomyces meyeri",TRUE,TRUE,3044,FALSE,TRUE,"Actinomyces meyeri (52773)","type"
"S002034883","GU561321","52773","Actinomyces meyeri",FALSE,TRUE,3045,FALSE,TRUE,"Actinomyces meyeri (52773)","non-type"
"123B-21","","54005","Peptoniphilus harei",FALSE,TRUE,3046,FALSE,TRUE,"Peptoniphilus harei (54005)","non-type"
"2BV-14","","54005","Peptoniphilus harei",FALSE,TRUE,3047,FALSE,TRUE,"Peptoniphilus harei (54005)","non-type"
"3001-189R-13","","54005","Peptoniphilus harei",FALSE,TRUE,3048,FALSE,TRUE,"Peptoniphilus harei (54005)","non-type"
"123B-75-F","","54005","Peptoniphilus harei",FALSE,TRUE,3049,FALSE,TRUE,"Peptoniphilus harei (54005)","non-type"
"S000003547","Y07839","54005","Peptoniphilus harei",TRUE,TRUE,3050,FALSE,TRUE,"Peptoniphilus harei (54005)","type"
"S000004313","X80725","562","Escherichia coli",TRUE,TRUE,3058,FALSE,TRUE,"Escherichia coli (562)","type"
"S000135860","AJ567607","562","Escherichia coli",FALSE,TRUE,3071,FALSE,TRUE,"Escherichia coli (562)","non-type"
"S000860489","EF560790","562","Escherichia coli",FALSE,TRUE,3121,FALSE,TRUE,"Escherichia coli (562)","non-type"
"S001576676","GQ273514","562","Escherichia coli",FALSE,TRUE,3161,FALSE,TRUE,"Escherichia coli (562)","non-type"
"S002166847","GU968183","562","Escherichia coli",FALSE,TRUE,3210,FALSE,TRUE,"Escherichia coli (562)","non-type"
"S000090215","X93215","575","Raoultella planticola",FALSE,TRUE,3219,FALSE,TRUE,"Raoultella planticola (575)","non-type"
"S000385771","AB099400","575","Raoultella planticola",FALSE,TRUE,3221,FALSE,TRUE,"Raoultella planticola (575)","non-type"
"S000385778","AB099407","575","Raoultella planticola",FALSE,TRUE,3223,FALSE,TRUE,"Raoultella planticola (575)","non-type"
"S000387364","AF129443","575","Raoultella planticola",TRUE,TRUE,3224,FALSE,TRUE,"Raoultella planticola (575)","type"
"S000639013","DQ333356","575","Raoultella planticola",FALSE,TRUE,3227,FALSE,TRUE,"Raoultella planticola (575)","non-type"
"S000010448","AJ233431","615","Serratia marcescens",TRUE,TRUE,3233,FALSE,TRUE,"Serratia marcescens (615)","type"
"S000604018","DQ182326","615","Serratia marcescens",FALSE,TRUE,3272,FALSE,TRUE,"Serratia marcescens (615)","non-type"
"S000965487","EF102861","615","Serratia marcescens",FALSE,TRUE,3300,FALSE,TRUE,"Serratia marcescens (615)","non-type"
"S000965489","EF102863","615","Serratia marcescens",FALSE,TRUE,3302,FALSE,TRUE,"Serratia marcescens (615)","non-type"
"S001014695","EF462913","615","Serratia marcescens",FALSE,TRUE,3319,FALSE,TRUE,"Serratia marcescens (615)","non-type"
"S000006483","AB009457","70775","Pseudomonas plecoglossicida",TRUE,TRUE,3381,FALSE,TRUE,"Pseudomonas plecoglossicida (70775)","type"
"S000902410","EF645247","70775","Pseudomonas plecoglossicida",FALSE,TRUE,3409,FALSE,TRUE,"Pseudomonas plecoglossicida (70775)","non-type"
"S001264789","FJ539000","70775","Pseudomonas plecoglossicida",FALSE,TRUE,3420,FALSE,TRUE,"Pseudomonas plecoglossicida (70775)","non-type"
"S001576771","GQ280073","70775","Pseudomonas plecoglossicida",FALSE,TRUE,3429,FALSE,TRUE,"Pseudomonas plecoglossicida (70775)","non-type"
"S002165072","AB546341","70775","Pseudomonas plecoglossicida",FALSE,TRUE,3436,FALSE,TRUE,"Pseudomonas plecoglossicida (70775)","non-type"
"S000013341","AF064458","76759","Pseudomonas monteilii",TRUE,TRUE,3441,FALSE,TRUE,"Pseudomonas monteilii (76759)","type"
"S000014476","AF502594","76759","Pseudomonas monteilii",FALSE,TRUE,3442,FALSE,TRUE,"Pseudomonas monteilii (76759)","non-type"
"S000559093","DQ095880","76759","Pseudomonas monteilii",FALSE,TRUE,3444,FALSE,TRUE,"Pseudomonas monteilii (76759)","non-type"
"S001292944","FJ560914","76759","Pseudomonas monteilii",FALSE,TRUE,3451,FALSE,TRUE,"Pseudomonas monteilii (76759)","non-type"
"S001794718","GU191927","76759","Pseudomonas monteilii",FALSE,TRUE,3457,FALSE,TRUE,"Pseudomonas monteilii (76759)","non-type"
"S000538861","DQ073452","78327","Pseudomonas mosselii",FALSE,TRUE,3462,FALSE,TRUE,"Pseudomonas mosselii (78327)","non-type"
"S000559127","DQ095914","78327","Pseudomonas mosselii",FALSE,TRUE,3464,FALSE,TRUE,"Pseudomonas mosselii (78327)","non-type"
"S000776614","EF178445","78327","Pseudomonas mosselii",FALSE,TRUE,3466,FALSE,TRUE,"Pseudomonas mosselii (78327)","non-type"
"S000841838","AF072688","78327","Pseudomonas mosselii",TRUE,TRUE,3467,FALSE,TRUE,"Pseudomonas mosselii (78327)","type"
"S000980226","EU301780","78327","Pseudomonas mosselii",FALSE,TRUE,3468,FALSE,TRUE,"Pseudomonas mosselii (78327)","non-type"
"S000001704","AB050110","820","Bacteroides uniformis",TRUE,TRUE,3471,FALSE,TRUE,"Bacteroides uniformis (820)","type"
"S000469521","AB117563","820","Bacteroides uniformis",FALSE,TRUE,3473,FALSE,TRUE,"Bacteroides uniformis (820)","non-type"
"S000469522","AB117564","820","Bacteroides uniformis",FALSE,TRUE,3474,FALSE,TRUE,"Bacteroides uniformis (820)","non-type"
"S001045755","EU722741","820","Bacteroides uniformis",FALSE,TRUE,3481,FALSE,TRUE,"Bacteroides uniformis (820)","non-type"
"S001872170","AB510711","820","Bacteroides uniformis",FALSE,TRUE,3482,FALSE,TRUE,"Bacteroides uniformis (820)","non-type"
"3BV-26","","82135","Atopobium vaginae",FALSE,TRUE,3494,FALSE,TRUE,"Atopobium vaginae (82135)","non-type"
"7BVB-16","","82135","Atopobium vaginae",FALSE,TRUE,3505,FALSE,TRUE,"Atopobium vaginae (82135)","non-type"
"3376-129DG2R-17","","82135","Atopobium vaginae",FALSE,TRUE,3506,FALSE,TRUE,"Atopobium vaginae (82135)","non-type"
"S000130242","Y17195","82135","Atopobium vaginae",TRUE,TRUE,3508,FALSE,TRUE,"Atopobium vaginae (82135)","type"
"S000607439","AJ585206","82135","Atopobium vaginae",FALSE,TRUE,3510,FALSE,TRUE,"Atopobium vaginae (82135)","non-type"
"S000414273","L04321","827","Bacteroides ureolyticus",FALSE,TRUE,3511,FALSE,TRUE,"Bacteroides ureolyticus (827)","non-type"
"S001153565","EU781617","827","Bacteroides ureolyticus",FALSE,TRUE,3512,FALSE,TRUE,"Bacteroides ureolyticus (827)","non-type"
"S001550487","FN401325","827","Bacteroides ureolyticus",FALSE,TRUE,3515,FALSE,TRUE,"Bacteroides ureolyticus (827)","non-type"
"S001551107","GQ167665","827","Bacteroides ureolyticus",FALSE,TRUE,3519,FALSE,TRUE,"Bacteroides ureolyticus (827)","non-type"
"S001551111","GQ167669","827","Bacteroides ureolyticus",FALSE,TRUE,3523,FALSE,TRUE,"Bacteroides ureolyticus (827)","non-type"
"123F3-35","","838_1","Prevotella genogroup 1",FALSE,TRUE,3526,FALSE,TRUE,"Prevotella genogroup 1 (838_1)","non-type"
"1BV-26","","838_1","Prevotella genogroup 1",FALSE,TRUE,3528,FALSE,TRUE,"Prevotella genogroup 1 (838_1)","non-type"
"1BVBACT-24","","838_1","Prevotella genogroup 1",FALSE,TRUE,3530,FALSE,TRUE,"Prevotella genogroup 1 (838_1)","non-type"
"2BVBACT-34","","838_1","Prevotella genogroup 1",FALSE,TRUE,3535,FALSE,TRUE,"Prevotella genogroup 1 (838_1)","non-type"
"4BVB-89","","838_1","Prevotella genogroup 1",FALSE,TRUE,3538,FALSE,TRUE,"Prevotella genogroup 1 (838_1)","non-type"
"5BV-94","","838_1","Prevotella genogroup 1",FALSE,TRUE,3541,FALSE,TRUE,"Prevotella genogroup 1 (838_1)","non-type"
"6BV-81","","838_1","Prevotella genogroup 1",FALSE,TRUE,3544,FALSE,TRUE,"Prevotella genogroup 1 (838_1)","non-type"
"7BVC-90","","838_1","Prevotella genogroup 1",FALSE,TRUE,3546,FALSE,TRUE,"Prevotella genogroup 1 (838_1)","non-type"
"8BV-1","","838_1","Prevotella genogroup 1",FALSE,TRUE,3547,FALSE,TRUE,"Prevotella genogroup 1 (838_1)","non-type"
"8BV-8","","838_1","Prevotella genogroup 1",FALSE,TRUE,3550,FALSE,TRUE,"Prevotella genogroup 1 (838_1)","non-type"
"113S1-20","","838_2","Prevotella genogroup 2",FALSE,TRUE,3552,FALSE,TRUE,"Prevotella genogroup 2 (838_2)","non-type"
"123B-12","","838_2","Prevotella genogroup 2",FALSE,TRUE,3553,FALSE,TRUE,"Prevotella genogroup 2 (838_2)","non-type"
"123B-9","","838_2","Prevotella genogroup 2",FALSE,TRUE,3554,FALSE,TRUE,"Prevotella genogroup 2 (838_2)","non-type"
"123F3-40","","838_2","Prevotella genogroup 2",FALSE,TRUE,3556,FALSE,TRUE,"Prevotella genogroup 2 (838_2)","non-type"
"123Q-4","","838_2","Prevotella genogroup 2",FALSE,TRUE,3557,FALSE,TRUE,"Prevotella genogroup 2 (838_2)","non-type"
"127Q-100","","838_2","Prevotella genogroup 2",FALSE,TRUE,3559,FALSE,TRUE,"Prevotella genogroup 2 (838_2)","non-type"
"1BVBACT-11","","838_2","Prevotella genogroup 2",FALSE,TRUE,3563,FALSE,TRUE,"Prevotella genogroup 2 (838_2)","non-type"
"6BV-36","","838_2","Prevotella genogroup 2",FALSE,TRUE,3567,FALSE,TRUE,"Prevotella genogroup 2 (838_2)","non-type"
"7BVA-49","","838_2","Prevotella genogroup 2",FALSE,TRUE,3570,FALSE,TRUE,"Prevotella genogroup 2 (838_2)","non-type"
"7BVA-28","","838_2","Prevotella genogroup 2",FALSE,TRUE,3571,FALSE,TRUE,"Prevotella genogroup 2 (838_2)","non-type"
"3BV-37","","838_3","Prevotella genogroup 3",FALSE,TRUE,3572,FALSE,TRUE,"Prevotella genogroup 3 (838_3)","non-type"
"3BV-52","","838_3","Prevotella genogroup 3",FALSE,TRUE,3573,FALSE,TRUE,"Prevotella genogroup 3 (838_3)","non-type"
"8BV-4","","838_3","Prevotella genogroup 3",FALSE,TRUE,3574,FALSE,TRUE,"Prevotella genogroup 3 (838_3)","non-type"
"3025-338F-60","","838_3","Prevotella genogroup 3",FALSE,TRUE,3575,FALSE,TRUE,"Prevotella genogroup 3 (838_3)","non-type"
"3025-189R-110","","838_3","Prevotella genogroup 3",FALSE,TRUE,3576,FALSE,TRUE,"Prevotella genogroup 3 (838_3)","non-type"
"3025-9-F","","838_3","Prevotella genogroup 3",FALSE,TRUE,3577,FALSE,TRUE,"Prevotella genogroup 3 (838_3)","non-type"
"1BVBACT-28","","838_4","Prevotella genogroup 4",FALSE,TRUE,3579,FALSE,TRUE,"Prevotella genogroup 4 (838_4)","non-type"
"4BVQ-57","","838_4","Prevotella genogroup 4",FALSE,TRUE,3580,FALSE,TRUE,"Prevotella genogroup 4 (838_4)","non-type"
"5BVBACT-2","","838_4","Prevotella genogroup 4",FALSE,TRUE,3581,FALSE,TRUE,"Prevotella genogroup 4 (838_4)","non-type"
"6BV-15","","838_4","Prevotella genogroup 4",FALSE,TRUE,3582,FALSE,TRUE,"Prevotella genogroup 4 (838_4)","non-type"
"7BVA-26","","838_4","Prevotella genogroup 4",FALSE,TRUE,3585,FALSE,TRUE,"Prevotella genogroup 4 (838_4)","non-type"
"3025-338F-43","","838_4","Prevotella genogroup 4",FALSE,TRUE,3586,FALSE,TRUE,"Prevotella genogroup 4 (838_4)","non-type"
"3025-189R-100","","838_4","Prevotella genogroup 4",FALSE,TRUE,3587,FALSE,TRUE,"Prevotella genogroup 4 (838_4)","non-type"
"113F4-66","","838_5","Prevotella genogroup 5",FALSE,TRUE,3588,FALSE,TRUE,"Prevotella genogroup 5 (838_5)","non-type"
"113F4-12","","838_6","Prevotella genogroup 6",FALSE,TRUE,3589,FALSE,TRUE,"Prevotella genogroup 6 (838_6)","non-type"
"113F4-94","","838_6","Prevotella genogroup 6",FALSE,TRUE,3590,FALSE,TRUE,"Prevotella genogroup 6 (838_6)","non-type"
"113S1-84","","838_6","Prevotella genogroup 6",FALSE,TRUE,3591,FALSE,TRUE,"Prevotella genogroup 6 (838_6)","non-type"
"113S1-92","","838_6","Prevotella genogroup 6",FALSE,TRUE,3592,FALSE,TRUE,"Prevotella genogroup 6 (838_6)","non-type"
"123F2-17","","838_7","Prevotella genogroup 7",FALSE,TRUE,3593,FALSE,TRUE,"Prevotella genogroup 7 (838_7)","non-type"
"123F2-72","","838_7","Prevotella genogroup 7",FALSE,TRUE,3594,FALSE,TRUE,"Prevotella genogroup 7 (838_7)","non-type"
"136B-22","","838_7","Prevotella genogroup 7",FALSE,TRUE,3595,FALSE,TRUE,"Prevotella genogroup 7 (838_7)","non-type"
"113S1-24","","84111","Eggerthella",FALSE,TRUE,3597,FALSE,TRUE,"Eggerthella (84111)","non-type"
"123Q-104","","84111","Eggerthella",FALSE,TRUE,3598,FALSE,TRUE,"Eggerthella (84111)","non-type"
"1BV-101","","84111","Eggerthella",FALSE,TRUE,3599,FALSE,TRUE,"Eggerthella (84111)","non-type"
"1BVBACT-18","","84111","Eggerthella",FALSE,TRUE,3600,FALSE,TRUE,"Eggerthella (84111)","non-type"
"2BV-41","","84111","Eggerthella",FALSE,TRUE,3601,FALSE,TRUE,"Eggerthella (84111)","non-type"
"3025-338F-92","","849","Fusobacterium gonidiaformans",FALSE,TRUE,3607,FALSE,TRUE,"Fusobacterium gonidiaformans (849)","non-type"
"3025-189R-78","","849","Fusobacterium gonidiaformans",FALSE,TRUE,3608,FALSE,TRUE,"Fusobacterium gonidiaformans (849)","non-type"
"S000653590","DQ440557","851","Fusobacterium nucleatum",FALSE,TRUE,3612,FALSE,TRUE,"Fusobacterium nucleatum (851)","non-type"
"S000653596","DQ440563","851","Fusobacterium nucleatum",FALSE,TRUE,3613,FALSE,TRUE,"Fusobacterium nucleatum (851)","non-type"
"S001243290","FJ471642","851","Fusobacterium nucleatum",FALSE,TRUE,3621,FALSE,TRUE,"Fusobacterium nucleatum (851)","non-type"
"S001574342","FJ471648","851","Fusobacterium nucleatum",FALSE,TRUE,3642,FALSE,TRUE,"Fusobacterium nucleatum (851)","non-type"
"S002034920","GU561358","851","Fusobacterium nucleatum",FALSE,TRUE,3652,FALSE,TRUE,"Fusobacterium nucleatum (851)","non-type"
"127B-31","","87541","Aerococcus christensenii",FALSE,TRUE,3654,FALSE,TRUE,"Aerococcus christensenii (87541)","non-type"
"141B-19","","87541","Aerococcus christensenii",FALSE,TRUE,3655,FALSE,TRUE,"Aerococcus christensenii (87541)","non-type"
"3001-189R-46","","87541","Aerococcus christensenii",FALSE,TRUE,3657,FALSE,TRUE,"Aerococcus christensenii (87541)","non-type"
"S000013318","Y17318","87541","Aerococcus christensenii",FALSE,TRUE,3658,FALSE,TRUE,"Aerococcus christensenii (87541)","non-type"
"S000127667","Y17005","87541","Aerococcus christensenii",TRUE,TRUE,3659,FALSE,TRUE,"Aerococcus christensenii (87541)","type"
"113S1-4","","906_1","Megasphaera sp. type 1",FALSE,TRUE,3660,FALSE,TRUE,"Megasphaera sp. type 1 (906_1)","non-type"
"127B-2","","906_1","Megasphaera sp. type 1",FALSE,TRUE,3662,FALSE,TRUE,"Megasphaera sp. type 1 (906_1)","non-type"
"2BV-45","","906_1","Megasphaera sp. type 1",FALSE,TRUE,3665,FALSE,TRUE,"Megasphaera sp. type 1 (906_1)","non-type"
"4BVB-3","","906_1","Megasphaera sp. type 1",FALSE,TRUE,3667,FALSE,TRUE,"Megasphaera sp. type 1 (906_1)","non-type"
"5BVBACT-19","","906_1","Megasphaera sp. type 1",FALSE,TRUE,3670,FALSE,TRUE,"Megasphaera sp. type 1 (906_1)","non-type"
"7BVA-22","","906_2","Megasphaera sp. type 2",FALSE,TRUE,3673,FALSE,TRUE,"Megasphaera sp. type 2 (906_2)","non-type"
"7BVA-99","","906_2","Megasphaera sp. type 2",FALSE,TRUE,3674,FALSE,TRUE,"Megasphaera sp. type 2 (906_2)","non-type"
"3025-338F-4","","906_2","Megasphaera sp. type 2",FALSE,TRUE,3675,FALSE,TRUE,"Megasphaera sp. type 2 (906_2)","non-type"
"3025-189R-21","","906_2","Megasphaera sp. type 2",FALSE,TRUE,3676,FALSE,TRUE,"Megasphaera sp. type 2 (906_2)","non-type"
"123B-13-F","","906_2","Megasphaera sp. type 2",FALSE,TRUE,3677,FALSE,TRUE,"Megasphaera sp. type 2 (906_2)","non-type"
"DQ666092","DQ666092","95818_1","Candidate Division TM7 vaginal",FALSE,TRUE,3678,FALSE,TRUE,"Candidate Division TM7 vaginal (95818_1)","non-type"
"S000387302","AF126738","97478","Lactobacillus mucosae",TRUE,TRUE,3679,FALSE,TRUE,"Lactobacillus mucosae (97478)","type"
"S000389887","AF243145","97478","Lactobacillus mucosae",FALSE,TRUE,3680,FALSE,TRUE,"Lactobacillus mucosae (97478)","non-type"
"S000547355","AY445124","97478","Lactobacillus mucosae",FALSE,TRUE,3682,FALSE,TRUE,"Lactobacillus mucosae (97478)","non-type"
"S000547356","AY445125","97478","Lactobacillus mucosae",FALSE,TRUE,3683,FALSE,TRUE,"Lactobacillus mucosae (97478)","non-type"
"S000547357","AY445126","97478","Lactobacillus mucosae",FALSE,TRUE,3684,FALSE,TRUE,"Lactobacillus mucosae (97478)","non-type"
"S000566917","AB186326","97478","Lactobacillus mucosae",FALSE,TRUE,3687,FALSE,TRUE,"Lactobacillus mucosae (97478)","non-type"
"S000926256","EF120376","97478","Lactobacillus mucosae",FALSE,TRUE,3688,FALSE,TRUE,"Lactobacillus mucosae (97478)","non-type"
"S001046089","EU728797","97478","Lactobacillus mucosae",FALSE,TRUE,3689,FALSE,TRUE,"Lactobacillus mucosae (97478)","non-type"
"S001792813","AB425923","97478","Lactobacillus mucosae",FALSE,TRUE,3691,FALSE,TRUE,"Lactobacillus mucosae (97478)","non-type"
"S001792822","AB425932","97478","Lactobacillus mucosae",FALSE,TRUE,3692,FALSE,TRUE,"Lactobacillus mucosae (97478)","non-type"
